slang_code_word,drug,drug2,drug3,,,,,
7,Cocaine ,,,,,,,
30s ,"Oxycodone (Oxycontin®, Roxicodone®, Oxaydo®) ",,,,,,,
40s ,"Oxycodone (Oxycontin®, Roxicodone®, Oxaydo®) ",,,,,,,
51s ,Crack Cocaine ,,,,,,,
62,Cocaine ,,,,,,,
77,Cocaine ,,,,,,,
151s ,Crack Cocaine ,,,,,,,
357s ,"Hydrocodone (Norco®, Vicodin®, Lorcet®) ",,,,,,,
420,Marijuana, Synthetic Cannabinoids ,,,,,,
501s ,Crack Cocaine ,,,,,,,
512s ,Acetaminophen and Oxycodone Combination (Percocet®), Oxycodone  ,,,,,,
542,Flunitrazepam (Rohypnol®) ,,,,,,,
710,Marijuana Concentrates/Hash Oil ,,,,,,,
777,Cocaine ,,,,,,,
921,Cocaine ,,,,,,,
A-1  ,Cocaine ,,,,,,,
Abajo ,Heroin ,,,,,,,
Abby ,Amphetamine and Dextroamphetamine Combination (Adderall®) ,,,,,,,
A-Bomb ,Heroin mixed with Marijuana ,,,,,,,
Abyss ,Synthetic Cannabinoids ,,,,,,,
Abyssian Tea ,Khat ,,,,,,,
Acapulco Gold ,Marijuana ,,,,,,,
Acapulco Red ,Marijuana ,,,,,,,
Accordion ,Methamphetamine ,,,,,,,
Ace ,Marijuana, PCP (Phencyclidine) ,,,,,,
Ace of Spades ,Synthetic Cannabinoids ,,,,,,,
Aceite ,LSD (Lysergic Acid Diethylamide) ,,,,,,,
Acelerador ,Amphetamine ,,,,,,,
Acelide ,LSD (Lysergic Acid Diethylamide) ,,,,,,,
Achivia ,Heroin ,,,,,,,
Acid ,LSD (Lysergic Acid Diethylamide) ,,,,,,,
Acido ,LSD (Lysergic Acid Diethylamide) ,,,,,,,
Act ,Promethazine ,,,,,,,
Adam ,Ecstasy/MDMA/Molly ,,,,,,,
Addy ,Amphetamine and Dextroamphetamine Combination (Adderall®) ,,,,,,,
Adidas ,Cocaine ,,,,,,,
Adormidera ,Heroin ,,,,,,,
African Black ,Marijuana ,,,,,,,
African Bush ,Marijuana ,,,,,,,
African Salad ,Khat ,,,,,,,
Ah-Pen-Yen ,Opium ,,,,,,,
Airplane ,Marijuana ,,,,,,,
AK-47 ,Synthetic Cannabinoids ,,,,,,,
Alfalfa ,Marijuana ,,,,,,,
Alfombra ,Marijuana ,,,,,,,
Alice ,LSD (Lysergic Acid Diethylamide), Psilocybin Mushrooms ,,,,,,
Alice B Toklas ,Marijuana ,,,,,,,
Alien Sex Fiend ,PCP mixed with Heroin ,,,,,,,
All-American Drug ,Cocaine ,,,,,,,
All-Star ,Marijuana ,,,,,,,
Almohada ,Marijuana ,,,,,,,
Amarilla ,Heroin ,,,,,,,
Amnesia ,Synthetic Cannabinoids ,,,,,,,
Amoeba ,PCP (Phencyclidine) ,,,,,,,
Amp ,Methamphetamine ,,,,,,,
Amps ,Amphetamine, Amphetamine and Dextroamphetamine Combination  ,,,,,,
Amy ,Amphetamine ,,,,,,,
Ancla ,Cocaine ,,,,,,,
"Anestesia de  
Caballo ",Heroin mixed with the horse anesthetic Xylazine ,,,,,,,
Angel ,PCP (Phencyclidine) ,,,,,,,
Angel Dust ,PCP (Phencyclidine) ,,,,,,,
Angel Hair ,PCP (Phencyclidine) ,,,,,,,
Angel Mist ,PCP (Phencyclidine) ,,,,,,,
Angel Poke ,PCP (Phencyclidine) ,,,,,,,
Angel Powder ,Cocaine ,,,,,,,
Angels in a Sky ,LSD (Lysergic Acid Diethylamide) ,,,,,,,
Angie ,Cocaine ,,,,,,,
Angola ,Marijuana ,,,,,,,
Animal ,LSD (Lysergic Acid Diethylamide) ,,,,,,,
Animal Cookies ,Hydroponic Marijuana ,,,,,,,
Animal Tranquilizer ,PCP (Phencyclidine) ,,,,,,,
Animals ,Cocaine ,,,,,,,
Antifreeze ,Heroin ,,,,,,,
Apache ,Cocaine, Fentanyl and Fentanyl Derivatives ,,,,,,
Apodo ,Cocaine, Heroin ,,,,,,
Apple Jack ,Crack Cocaine ,,,,,,,
Aqua ,Methamphetamine ,,,,,,,
Arizona ,Marijuana ,,,,,,,
Arnolds ,Steroids ,,,,,,,
Arpon ,Heroin ,,,,,,,
Arriba ,Cocaine ,,,,,,,
Arroz ,Methamphetamine ,,,,,,,
Ashes ,Marijuana ,,,,,,,
Assembled ,Crystal Meth ,,,,,,,
Asshy Larry ,PCP (Phencyclidine) ,,,,,,,
Atomic Blast ,Synthetic Cannabinoids ,,,,,,,
A-Train ,Amphetamine and Dextroamphetamine Combination (Adderall®) ,,,,,,,
Audi ,Cocaine ,,,,,,,
Aunt Emma ,Opium ,,,,,,,
Aunt Hazel ,Heroin ,,,,,,,
Aunt Mary ,Marijuana ,,,,,,,
Aunt Nora ,Cocaine ,,,,,,,
Auntie ,Opium ,,,,,,,
Aurora Borealis ,PCP (Phencyclidine) ,,,,,,,
Avandaro ,LSD (Lysergic Acid Diethylamide) ,,,,,,,
Avocado ,Heroin ,,,,,,,
AZ ,Marijuana ,,,,,,,
Azucar ,Cocaine, Heroin ,,,,,,
Baby ,Marijuana ,,,,,,,
Baby Powder ,Cocaine ,,,,,,,
Baby Slits ,Ecstasy/MDMA/Molly ,,,,,,,
Baby T ,Crack Cocaine ,,,,,,,
Backbreaker ,LSD mixed with Strychnine ,,,,,,,
Bad Seed ,Heroin ,,,,,,,
Baja Corte ,Diluted Heroin ,,,,,,,
Bale ,Marijuana ,,,,,,,
Ballot ,Heroin ,,,,,,,
Bam ,Amphetamine ,,,,,,,
Bambalachacha ,Marijuana ,,,,,,,
Bananas ,Acetaminophen and Oxycodone Combination (Percocet®), Hydrocodone  ,,,,,,
Barbara Jean ,Marijuana ,,,,,,,
Bareta ,Marijuana ,,,,,,,
Barrato ,Cocaine ,,,,,,,
Barrel ,LSD (Lysergic Acid Diethylamide) ,,,,,,,
Barry Farrell ,Ketamine (Ketalar®) ,,,,,,,
Bars ,Alprazolam (Xanax®) ,,,,,,,
Bart Simpson ,LSD (Lysergic Acid Diethylamide) ,,,,,,,
Base ,Crack Cocaine ,,,,,,,
Baseball ,Crack Cocaine ,,,,,,,
Bash ,Marijuana ,,,,,,,
Basketball ,Heroin ,,,,,,,
Basuco ,Cocaine ,,,,,,,
Basura ,Heroin ,,,,,,,
Bath Blow ,Synthetic Cathinones ,,,,,,,
Bath Salts ,Synthetic Cathinones ,,,,,,,
Battery Acid ,LSD (Lysergic Acid Diethylamide) ,,,,,,,
Batu ,Methamphetamine ,,,,,,,
Bazooka ,Cocaine paste mixed with Marijuana, Crack Cocaine ,,,,,,
B-Bombs ,Amphetamine ,,,,,,,
BC Budd ,Marijuana ,,,,,,,
Beach ,Cocaine ,,,,,,,
Beam Me Up ,Crack Cocaine ,,,,,,,
Beans ,Amphetamine, Ecstasy/MDMA/Molly," Oxycodone (Oxycontin®,  ",,,,,
Beast ,Heroin, LSD (Lysergic Acid Diethylamide) ,,,,,,
Beautiful Boulders ,Crack Cocaine ,,,,,,,
Beemer ,Crack Cocaine ,,,,,,,
Beers ,Methamphetamine ,,,,,,,
Begok ,Methamphetamine ,,,,,,,
Belushi ,Cocaine mixed with Heroin ,,,,,,,
Bennies ,Amphetamine ,,,,,,,
Benzos ,Alprazolam (Xanax®), Amphetamine, Clonazepam (Klonopin®) ,,,,,
Bernice ,Cocaine ,,,,,,,
Bernie ,Marijuana ,,,,,,,
Bernie’s flakes ,Cocaine ,,,,,,,
Bernie’s Gold Dust ,Cocaine ,,,,,,,
Beyonce ,Heroin ,,,,,,,
Bhang ,Marijuana ,,,,,,,
BHNO ,Marijuana Concentrates/Hash Oil ,,,,,,,
BHO ,Marijuana Concentrates/Hash Oil ,,,,,,,
Bicycle Handle Bars ,Alprazolam (Xanax®) ,,,,,,,
Bicycle Parts ,Alprazolam (Xanax®) ,,,,,,,
Big Bag ,Heroin ,,,,,,,
Big Bang ,Synthetic Cannabinoids ,,,,,,,
Big Bird ,Cocaine ,,,,,,,
Big Bloke ,Cocaine ,,,,,,,
Big C ,Cocaine ,,,,,,,
Big Chief ,Mescaline/Peyote ,,,,,,,
Big D ,LSD (Lysergic Acid Diethylamide) ,,,,,,,
Big Flake ,Cocaine ,,,,,,,
Big H ,Heroin ,,,,,,,
Big Harry ,Heroin ,,,,,,,
Big O ,Opium ,,,,,,,
Big Pillows ,Marijuana ,,,,,,,
Big Rush ,Cocaine ,,,,,,,
Biggy ,Marijuana ,,,,,,,
Biker’s Coffee ,Methamphetamine ,,,,,,,
Bill Blass ,Crack Cocaine ,,,,,,,
Billie Hoke ,Cocaine ,,,,,,,
Bings ,Crack Cocaine ,,,,,,,
Bionic ,Marijuana mixed with PCP ,,,,,,,
Bird ,Cocaine, Heroin ,,,,,,
Birdie Powder ,Cocaine, Heroin ,,,,,,
Birria ,Fentanyl Mixed with Heroin, Heroin ,,,,,,
Birria Blanca ,Heroin ,,,,,,,
BJ ,Crack Cocaine ,,,,,,,
Black ,Heroin, Opium ,,,,,,
Black Acid ,LSD mixed with PCP ,,,,,,,
Black and Whites ,Amphetamine ,,,,,,,
Black Bart ,Marijuana ,,,,,,,
Black Beauties ,Amphetamine ,,,,,,,
Black Birds ,Amphetamine ,,,,,,,
Black Bitch ,Heroin ,,,,,,,
Black Bombers ,Amphetamine ,,,,,,,
Black Button ,Mescaline/Peyote ,,,,,,,
Black Glass ,Marijuana Concentrates/Hash Oil ,,,,,,,
Black Goat ,Heroin ,,,,,,,
Black Gold ,Marijuana ,,,,,,,
Black Magic Smoke ,Synthetic Cannabinoids ,,,,,,,
Black Mamba ,Synthetic Cannabinoids ,,,,,,,
Black Maria ,Marijuana ,,,,,,,
Black Mollies ,Amphetamine ,,,,,,,
Black Olive ,Heroin ,,,,,,,
Black Paint ,Heroin ,,,,,,,
Black Pearl ,Heroin ,,,,,,,
Black Pill ,Opium ,,,,,,,
Black Rock ,Crack Cocaine ,,,,,,,
Black Russian ,Opium mixed with Hashish ,,,,,,,
Black Sheep ,Heroin ,,,,,,,
Black Shirt ,Heroin ,,,,,,,
Black Star ,LSD (Lysergic Acid Diethylamide) ,,,,,,,
Black Sunshine ,LSD (Lysergic Acid Diethylamide) ,,,,,,,
Black Tabs ,LSD (Lysergic Acid Diethylamide) ,,,,,,,
Black Tar ,Heroin ,,,,,,,
Black Whack ,PCP (Phencyclidine) ,,,,,,,
Blacks ,Amphetamine ,,,,,,,
Blanca Nieves ,Cocaine ,,,,,,,
Blanco ,Cocaine, Heroin ,,,,,,
Blanco de España ,LSD (Lysergic Acid Diethylamide) ,,,,,,,
Blast ,Cocaine ,,,,,,,
Blaze ,Synthetic Cannabinoids ,,,,,,,
Blind Squid ,Ketamine (Ketalar®) ,,,,,,,
Bliss ,Synthetic Cannabinoids, Synthetic Cathinones ,,,,,,
Blizzard ,Cocaine ,,,,,,,
Blocks ,Cocaine ,,,,,,,
Blonde ,Cocaine, Fentanyl and Fentanyl Derivatives ,,,,,,
Blondie ,Marijuana ,,,,,,,
Bloom ,Synthetic Cathinones ,,,,,,,
Blotter Acid ,LSD (Lysergic Acid Diethylamide) ,,,,,,,
Blotter Cube ,LSD (Lysergic Acid Diethylamide) ,,,,,,,
Blow ,Cocaine, Synthetic Cathinones ,,,,,,
Blow Dope ,Heroin ,,,,,,,
Blowcaine ,Crack Cocaine ,,,,,,,
Blowout ,Crack Cocaine, GHB (Gamma-Hydroxybutyric Acid) ,,,,,,
Blue ,Acetaminophen and Oxycodone Combination (Percocet®), Crack  ,,,,,,
Blue Acid ,LSD (Lysergic Acid Diethylamide) ,,,,,,,
Blue Barrel ,LSD (Lysergic Acid Diethylamide) ,,,,,,,
Blue Bell Ice Cream ,Methamphetamine ,,,,,,,
Blue Boys ,Amphetamine ,,,,,,,
Blue Caps ,Mescaline/Peyote ,,,,,,,
Blue Chair ,LSD (Lysergic Acid Diethylamide) ,,,,,,,
Blue Cheer ,LSD (Lysergic Acid Diethylamide) ,,,,,,,
Blue Cheese ,Marijuana, Synthetic Cannabinoids ,,,,,,
Blue Crush ,Marijuana ,,,,,,,
Blue Diamond ,Fentanyl and Fentanyl Derivatives ,,,,,,,
Blue Dolphin ,Fentanyl and Fentanyl Derivatives ,,,,,,,
Blue Dream ,Marijuana ,,,,,,,
Blue Dynamite ,Acetaminophen and Oxycodone Combination (Percocet®) ,,,,,,,
Blue Heaven ,LSD (Lysergic Acid Diethylamide) ,,,,,,,
Blue Hero ,Heroin ,,,,,,,
Blue Jeans ,Marijuana ,,,,,,,
Blue Kisses ,Ecstasy/MDMA/Molly ,,,,,,,
Blue Madman ,PCP (Phencyclidine) ,,,,,,,
Blue Meanies ,Psilocybin Mushrooms ,,,,,,,
Blue Microdots ,LSD (Lysergic Acid Diethylamide) ,,,,,,,
Blue Mist ,LSD (Lysergic Acid Diethylamide) ,,,,,,,
Blue Moon ,LSD (Lysergic Acid Diethylamide) ,,,,,,,
Blue Sage ,Marijuana ,,,,,,,
Blue Silk ,Synthetic Cathinones ,,,,,,,
Blue Sky ,LSD (Lysergic Acid Diethylamide) ,,,,,,,
Blue Star ,LSD (Lysergic Acid Diethylamide), PCP (Phencyclidine) ,,,,,,
Blue Superman ,Ecstasy/MDMA/Molly ,,,,,,,
Blue Tabs ,LSD (Lysergic Acid Diethylamide) ,,,,,,,
Blueberries ,Acetaminophen and Oxycodone Combination (Percocet®) ,,,,,,,
Blueberry ,Marijuana ,,,,,,,
Blues ,Fentanyl and Fentanyl Derivatives," Oxycodone (Oxycontin®,  ",,,,,,
BMV ,Cocaine ,,,,,,,
Board ,Cocaine ,,,,,,,
Boat ,PCP (Phencyclidine) ,,,,,,,
Bobo ,Cocaine, Crack Cocaine ,,,,,,
Bobo Bush ,Marijuana ,,,,,,,
Bolitas ,Cocaine ,,,,,,,
"Bolivian Marching  
Powder ",Cocaine ,,,,,,,
Bolo ,Crack Cocaine ,,,,,,,
Bomb ,Crack Cocaine ,,,,,,,
Bomba ,LSD (Lysergic Acid Diethylamide) ,,,,,,,
Bombay Blue ,Synthetic Cannabinoids ,,,,,,,
Bombita ,Amphetamine, Heroin mixed with Cocaine ,,,,,,
Bombs ,Ecstasy/MDMA/Molly ,,,,,,,
Bombs Away ,Heroin ,,,,,,,
Bone  ,Crack Cocaine ,,,,,,,
Bone Crusher ,Crack Cocaine ,,,,,,,
Bonita ,Heroin ,,,,,,,
Boo ,Marijuana ,,,,,,,
Boo-Boo ,Crack Cocaine ,,,,,,,
Boom ,Marijuana ,,,,,,,
Boomers ,Psilocybin Mushrooms ,,,,,,,
Booty Juice ,Ecstasy/MDMA/Molly dissolved in liquid ,,,,,,,
Bottles ,Methamphetamine ,,,,,,,
Boulder ,Crack Cocaine ,,,,,,,
Boxes ,Buprenorphine and Naloxone Combination (Suboxone®) ,,,,,,,
Boy ,Crack Cocaine, Heroin ,,,,,,
Bozo ,Heroin ,,,,,,,
Brain Freeze ,Synthetic Cannabinoids ,,,,,,,
Brain Ticklers ,Amphetamine ,,,,,,,
Branches ,Marijuana ,,,,,,,
Brea Negra ,Heroin ,,,,,,,
"Breakfast of  
Champions ",Crack Cocaine ,,,,,,,
Brick Gum ,Heroin ,,,,,,,
Bricks ,Alprazolam (Xanax®) ,,,,,,,
Brisa ,Cocaine ,,,,,,,
Britton ,Mescaline/Peyote ,,,,,,,
Broccoli ,Marijuana ,,,,,,,
Brown ,Heroin ,,,,,,,
Brown Bomber ,LSD (Lysergic Acid Diethylamide) ,,,,,,,
Brown Crystal ,Heroin ,,,,,,,
Brown Dots ,LSD (Lysergic Acid Diethylamide) ,,,,,,,
Brown Rhine ,Heroin ,,,,,,,
Brown Sugar ,Heroin ,,,,,,,
Brownies ,Amphetamine ,,,,,,,
Bruno Mars ,GHB (Gamma-Hydroxybutyric Acid) ,,,,,,,
Bubble Gum ,Crack Cocaine, Heroin ,,,,,,
Bubble Hash ,Marijuana Concentrates/Hash Oil ,,,,,,,
Bubbles ,Synthetic Cathinones ,,,,,,,
Bucio ,Methamphetamine ,,,,,,,
Bud ,Marijuana ,,,,,,,
Bud Light ,Methamphetamine ,,,,,,,
Budda ,Marijuana ,,,,,,,
Budder ,Marijuana Concentrates/Hash Oil ,,,,,,,
Bullion ,Crack Cocaine ,,,,,,,
Bumblebees ,Amphetamine ,,,,,,,
Bump ,Cocaine, Crack Cocaine, Methamphetamine ,,,,,
Bupes ,Buprenorphine and Naloxone Combination (Suboxone®) ,,,,,,,
Burrito ,Heroin ,,,,,,,
Burritos Verdes ,Marijuana ,,,,,,,
Bush ,Marijuana ,,,,,,,
Busy Bee ,PCP (Phencyclidine) ,,,,,,,
Butane Hash Oil ,Marijuana Concentrates/Hash Oil ,,,,,,,
Butane Honey Oil ,Marijuana Concentrates/Hash Oil ,,,,,,,
Butt Naked ,PCP (Phencyclidine) ,,,,,,,
Butter ,Fentanyl and Fentanyl Derivatives, Heroin ,,,,,,
Buttons ,Acetaminophen and Oxycodone Combination (Percocet®), Mescaline/ ,,,,,,
Buzz Haze ,Synthetic Cannabinoids ,,,,,,,
Caballo ,Cocaine, Heroin ,,,,,,
Caballo Negro ,Heroin ,,,,,,,
Cabbage ,Marijuana ,,,,,,,
Caca ,Cocaine, Heroin ,,,,,,
Cactus ,Mescaline/Peyote ,,,,,,,
Cadillac ,Cocaine, PCP (Phencyclidine) ,,,,,,
Café ,Heroin, Marijuana ,,,,,,
Cajeta ,Heroin ,,,,,,,
Cajita ,Marijuana ,,,,,,,
Cajitas ,Methamphetamine ,,,,,,,
California Sunshine ,LSD (Lysergic Acid Diethylamide), Marijuana ,,,,,,
Camara ,Marijuana ,,,,,,,
Canadian Black ,Marijuana ,,,,,,,
Candy ,Crack Cocaine, Ecstasy/MDMA/Molly ,,,,,,
Capital H ,Heroin ,,,,,,,
Caps ,Crack Cocaine, Psilocybin Mushrooms ,,,,,,
Cardio ,White Heroin ,,,,,,,
Carga ,Heroin ,,,,,,,
Caro ,Heroin ,,,,,,,
Cartwheels ,Amphetamine ,,,,,,,
Casper the Ghost ,Crack Cocaine ,,,,,,,
Cat Food ,Ketamine (Ketalar®) ,,,,,,,
Cat Valium ,Ketamine (Ketalar®) ,,,,,,,
Catha ,Khat ,,,,,,,
Catnip ,Marijuana ,,,,,,,
Caviar ,Crack Cocaine, Marijuana Concentrates/Hash Oil ,,,,,,
CBD ,Marijuana Concentrates/Hash Oil ,,,,,,,
CBD Oil ,Marijuana Concentrates/Hash Oil ,,,,,,,
CD ,Crack Cocaine ,,,,,,,
C-Dust ,Cocaine ,,,,,,,
Cecil ,Cocaine ,,,,,,,
Cement ,Cocaine, Heroin ,,,,,,
Certificada ,Pure Heroin ,,,,,,,
Chalk ,Amphetamine, Methamphetamine ,,,,,,
Champiñones ,Psilocybin Mushrooms ,,,,,,,
Chandelier ,Methamphetamine ,,,,,,,
Chandoo ,Opium ,,,,,,,
Chapopote ,Heroin ,,,,,,,
Charlie ,Cocaine, Heroin ,,,,,,
Charlie Horse ,Heroin ,,,,,,,
Chat ,Khat ,,,,,,,
Chavalone ,Methamphetamine ,,,,,,,
Chavo ,Heroin ,,,,,,,
Cheap Basting ,Crack Cocaine ,,,,,,,
Cheeba ,Marijuana ,,,,,,,
Cheese ,Heroin, Marijuana ,,,,,,
Chernobyl ,Marijuana ,,,,,,,
Cherry Bomb ,Synthetic Cannabinoids ,,,,,,,
Cherry Dome ,LSD (Lysergic Acid Diethylamide) ,,,,,,,
Cherry Meth ,GHB (Gamma-Hydroxybutyric Acid) ,,,,,,,
Chevy ,Cocaine ,,,,,,,
Chewies ,Crack Cocaine ,,,,,,,
Cheyenne ,Cocaine ,,,,,,,
Chica ,Cocaine ,,,,,,,
Chicago Green ,Marijuana ,,,,,,,
Chicantas ,Cocaine ,,,,,,,
Chicken ,Methamphetamine ,,,,,,,
Chicken Feed ,Methamphetamine ,,,,,,,
Chicken Powder ,Amphetamine, Methamphetamine ,,,,,,
Chicle ,Heroin ,,,,,,,
Chiclosa ,Heroin ,,,,,,,
Chief ,LSD (Lysergic Acid Diethylamide) ,,,,,,,
Chill ,Synthetic Cannabinoids ,,,,,,,
China ,Heroin, Opium ,,,,,,
China Blanca ,White Heroin ,,,,,,,
China Cat ,Heroin ,,,,,,,
China Girl ,Fentanyl and Fentanyl Derivatives ,,,,,,,
China Town ,Fentanyl and Fentanyl Derivatives ,,,,,,,
China White ,Fentanyl and Fentanyl Derivatives, Heroin ,,,,,,
Chinese ,Fentanyl and Fentanyl Derivatives ,,,,,,,
Chinese Buffet ,Fentanyl and Fentanyl Derivatives, White Heroin ,,,,,,
Chinese Dragons ,LSD (Lysergic Acid Diethylamide) ,,,,,,,
Chinese Food ,Fentanyl and Fentanyl Derivatives, Heroin ,,,,,,
Chinese Molasses ,Opium ,,,,,,,
Chinese Red ,Heroin ,,,,,,,
Chinese Tobacco ,Opium ,,,,,,,
Chingy ,Crack Cocaine ,,,,,,,
Chinos ,Cocaine ,,,,,,,
Chip ,Heroin ,,,,,,,
Chippie ,Marijuana ,,,,,,,
Chistosa ,Marijuana ,,,,,,,
Chiva ,Cocaine, Heroin ,,,,,,
Chiva Blanca ,Heroin ,,,,,,,
Chiva Loca ,Heroin mixed with Fentanyl ,,,,,,,
Chiva Negra ,Heroin ,,,,,,,
Chivones ,Heroin ,,,,,,,
Chochos ,Amphetamine ,,,,,,,
Chocolate ,Heroin, Opium ,,,,,,
Chocolate Balls ,Heroin ,,,,,,,
Chocolate Chips ,Ecstasy/MDMA/Molly ,,,,,,,
Chocolate Shake ,Heroin ,,,,,,,
Chocolates ,Amphetamine ,,,,,,,
Choko ,Heroin ,,,,,,,
Chorizo ,Heroin ,,,,,,,
Chris ,Methamphetamine ,,,,,,,
Christina ,Amphetamine ,,,,,,,
Christine ,Methamphetamine ,,,,,,,
Christmas Tree ,Marijuana ,,,,,,,
Christmas Trees ,Amphetamine and Dextroamphetamine Combination (Adderall®) ,,,,,,,
Christy ,Methamphetamine ,,,,,,,
Chrome ,Synthetic Cannabinoids ,,,,,,,
Chronic ,Marijuana ,,,,,,,
Chunk ,Amphetamine ,,,,,,,
Churro ,Marijuana ,,,,,,,
Churro Negro ,Heroin ,,,,,,,
Chutazo ,Heroin ,,,,,,,
Cid ,LSD (Lysergic Acid Diethylamide) ,,,,,,,
Cielo ,Cocaine ,,,,,,,
Cigars ,Marijuana ,,,,,,,
Circles ,Flunitrazepam (Rohypnol®) ,,,,,,,
Citrol ,Marijuana ,,,,,,,
Clarity ,Ecstasy/MDMA/Molly ,,,,,,,
Clear ,Methamphetamine ,,,,,,,
Clear Kind ,Cocaine ,,,,,,,
Clear Tires ,Cocaine ,,,,,,,
Clicker ,Crack Cocaine ,,,,,,,
Cliffhanger ,PCP (Phencyclidine) ,,,,,,,
Climax ,Crack Cocaine ,,,,,,,
Clockwork Orange ,Synthetic Cannabinoids ,,,,,,,
Clothing Cleaner ,Methamphetamine ,,,,,,,
Cloud ,Crack Cocaine ,,,,,,,
Cloud 10 ,Synthetic Cannabinoids ,,,,,,,
Cloud 9 ,Synthetic Cathinones ,,,,,,,
Cloud Nine ,Crack Cocaine ,,,,,,,
Coast-to-Coasts ,Amphetamine ,,,,,,,
Coca ,Cocaine ,,,,,,,
Coca-Cola ,Cocaine ,,,,,,,
Cocazo ,Cocaine ,,,,,,,
Coco ,Heroin ,,,,,,,
Coconut ,Cocaine ,,,,,,,
Coffee ,Heroin, LSD (Lysergic Acid Diethylamide) ,,,,,,
Cohete ,Heroin ,,,,,,,
Coke ,Cocaine ,,,,,,,
Cola ,Cocaine, Marijuana ,,,,,,
Cold ,Methamphetamine ,,,,,,,
Cold One ,Methamphetamine ,,,,,,,
Colorado ,Cocaine ,,,,,,,
Colorado Cocktail ,Marijuana ,,,,,,,
Colorado Rockies ,Methamphetamine ,,,,,,,
Colorines ,LSD (Lysergic Acid Diethylamide) ,,,,,,,
Columbo ,PCP (Phencyclidine) ,,,,,,,
Comida ,Heroin, Cocaine ,,,,,,
Comida Dulce ,Cocaine ,,,,,,,
Conductor ,LSD (Lysergic Acid Diethylamide) ,,,,,,,
Connie ,Cocaine ,,,,,,,
Cookie ,Cocaine, Hydroponic Marijuana ,,,,,,
Cookies ,Crack Cocaine ,,,,,,,
Co-Pilot ,Amphetamine, Amphetamine and Dextroamphetamine Combination  ,,,,,,
Cosa ,Cocaine ,,,,,,,
Cosmic Beast ,Synthetic Cathinones ,,,,,,,
Coso ,Cocaine ,,,,,,,
Cosos ,Cocaine ,,,,,,,
Cotorritos ,Marijuana ,,,,,,,
Cotton ,"Oxycodone (Oxycontin®, Roxicodone®, Oxaydo®) ",,,,,,,
Cowboy Kush ,Synthetic Cannabinoids ,,,,,,,
Cozmos ,PCP (Phencyclidine) ,,,,,,,
Crank ,Methamphetamine ,,,,,,,
Crazy ,Fentanyl and Fentanyl Derivatives ,,,,,,,
Crazy Eddie ,PCP (Phencyclidine) ,,,,,,,
Crazy Oke ,PCP (Phencyclidine) ,,,,,,,
Crazy One ,Fentanyl and Fentanyl Derivatives ,,,,,,,
Crazy Weed ,Marijuana ,,,,,,,
CRC ,Crack Cocaine ,,,,,,,
Cream ,Methamphetamine ,,,,,,,
Creeper Bud ,Marijuana ,,,,,,,
Crib ,Crack Cocaine ,,,,,,,
Cri-Cri ,Methamphetamine ,,,,,,,
Crink ,Methamphetamine ,,,,,,,
Crippy ,Marijuana ,,,,,,,
Crisco ,Methamphetamine ,,,,,,,
Crisscross ,Amphetamine ,,,,,,,
Crissy ,Methamphetamine ,,,,,,,
Cross Roads ,Amphetamine ,,,,,,,
Cross Tops ,Amphetamine ,,,,,,,
Crosses ,Amphetamine ,,,,,,,
Crow ,Cocaine ,,,,,,,
Crown Cap ,Heroin ,,,,,,,
Crumble ,Marijuana Concentrates/Hash Oil ,,,,,,,
Crunch and Munch ,Crack Cocaine ,,,,,,,
Crusty Treats ,Cocaine ,,,,,,,
Cruz ,Opium ,,,,,,,
Crying Weed ,Marijuana ,,,,,,,
Crypto ,Methamphetamine ,,,,,,,
Crystal Skull ,Synthetic Cannabinoids ,,,,,,,
Crystalline ,Marijuana Concentrates/Hash Oil, Methamphetamine ,,,,,,
Cuadro ,Methamphetamine, Cocaine ,,,,,,
Cubes ,Psilocybin Mushrooms ,,,,,,,
Cucuy ,PCP (Phencyclidine) ,,,,,,,
Culican ,Marijuana ,,,,,,,
Curley Hair ,Heroin ,,,,,,,
Cyclones ,PCP (Phencyclidine) ,,,,,,,
D ,Hydromorphone (Dilaudid®) ,,,,,,,
D.O.A. ,Heroin ,,,,,,,
Dabs ,Marijuana Concentrates/Hash Oil ,,,,,,,
Dance Fever ,Fentanyl and Fentanyl Derivatives ,,,,,,,
Dancing Shoes ,Ecstasy/MDMA/Molly ,,,,,,,
Dank ,Marijuana ,,,,,,,
Dark ,Heroin ,,,,,,,
Dark Girl ,Heroin ,,,,,,,
Dark Kind ,Heroin ,,,,,,,
Date Rape Drug ,Flunitrazepam (Rohypnol®) ,,,,,,,
Day ,Methamphetamine ,,,,,,,
Dead Man ,Synthetic Cannabinoids ,,,,,,,
Dead on Arrival ,Heroin ,,,,,,,
Death Valley ,Cocaine ,,,,,,,
Debs ,Amphetamine ,,,,,,,
Decadence ,Ecstasy/MDMA/Molly ,,,,,,,
Designer Jeans ,Cocaine ,,,,,,,
Detroit pink ,PCP (Phencyclidine) ,,,,,,,
Devil ,Crack Cocaine ,,,,,,,
Devil Smoke ,Crack Cocaine ,,,,,,,
Devil’s Dandruff ,Cocaine ,,,,,,,
Devil’s Lettuce ,Marijuana ,,,,,,,
Devil’s Venom ,Synthetic Cannabinoids ,,,,,,,
Dew ,Marijuana ,,,,,,,
Dexies ,Amphetamine ,,,,,,,
Diablos ,Amphetamine ,,,,,,,
Diamond ,Methamphetamine ,,,,,,,
Diamonds ,Amphetamine, Cocaine ,,,,,,
Dice ,Crack Cocaine ,,,,,,,
Diente ,Cocaine ,,,,,,,
Dienton ,Cocaine ,,,,,,,
Diesel ,Cocaine, Heoin, Marijuana ,,,,,
Diet Coke ,"Methylphenidate (Ritalin®, Concerta®, Daytrana®) ",,,,,,,
Diet Pills ,Amphetamine ,,,,,,,
Dillies ,Hydromorphone (Dilaudid®) ,,,,,,,
Dimba ,Marijuana ,,,,,,,
Dime Special ,Crack Cocaine ,,,,,,,
Dinkie Dow ,Marijuana ,,,,,,,
Diosa Blanca ,Cocaine ,,,,,,,
Diosa Verde ,Marijuana ,,,,,,,
Dipper ,Marijuana Concentrates/Hash Oil, PCP (Phencyclidine) ,,,,,,
Dirt ,Heroin ,,,,,,,
Dirt Grass ,Marijuana ,,,,,,,
Dirty Basing ,Crack Cocaine ,,,,,,,
Dirty Fentanyl ,Crack Cocaine mixed with Fentanyl ,,,,,,,
Disco Biscuits ,Ecstasy/MDMA/Molly ,,,,,,,
Ditch Weed ,Marijuana ,,,,,,,
Dizz ,Marijuana ,,,,,,,
Djamba ,Marijuana ,,,,,,,
Doctor ,Ecstasy/MDMA/Molly ,,,,,,,
Dody ,Marijuana ,,,,,,,
Dog Food ,Heroin ,,,,,,,
Doggie ,Heroin ,,,,,,,
Dojo ,Marijuana ,,,,,,,
Dolls ,Amphetamine ,,,,,,,
Domestic ,Marijuana ,,,,,,,
Domex ,Ecstacy mixed with PCP ,,,,,,,
Dominoes ,Amphetamine ,,,,,,,
Dona Blanca ,Cocaine ,,,,,,,
Dones ,"Hydrocodone (Norco®, Vicodin®, Lorcet®) ",,,,,,,
Donkey ,Ketamine (Ketalar®) ,,,,,,,
Donna Juana ,Marijuana ,,,,,,,
Doobie ,Marijuana ,,,,,,,
Doojee ,Heroin ,,,,,,,
Dope ,Heroin ,,,,,,,
Dopium ,Opium ,,,,,,,
Dorado ,Heroin ,,,,,,,
Dots ,LSD (Lysergic Acid Diethylamide) ,,,,,,,
Double Bubble ,Cocaine ,,,,,,,
"Double Cross  
Drivers ",Amphetamine ,,,,,,,
Double Dome ,LSD (Lysergic Acid Diethylamide) ,,,,,,,
Double Letters ,Cocaine ,,,,,,,
Double Yoke ,Crack Cocaine ,,,,,,,
Dove ,Cocaine ,,,,,,,
Dover’s Powder ,Opium ,,,,,,,
Down ,Heroin ,,,,,,,
Downtown ,Heroin ,,,,,,,
Downtown Brown ,Marijuana ,,,,,,,
Dr. Feel Good ,Synthetic Cannabinoids ,,,,,,,
Drag Weed ,Marijuana ,,,,,,,
Dragon ,Fentanyl and Fentanyl Derivatives, Heroin ,,,,,,
Dragon Eye ,Synthetic Cannabinoids ,,,,,,,
Dragon’s Breath ,Fentanyl and Fentanyl Derivatives ,,,,,,,
Drank ,Promethazine ,,,,,,,
Dream ,Cocaine ,,,,,,,
Dream Gum ,Opium ,,,,,,,
Dream Stick ,Opium ,,,,,,,
Dreamer ,Morphine ,,,,,,,
Dreams ,Opium ,,,,,,,
Dreck ,Heroin ,,,,,,,
Dro ,"Hydrocodone (Norco®, Vicodin®, Lorcet®)", Hydroponic Marijuana ,,,,,,
Droco ,"Hydrocodone (Norco®, Vicodin®, Lorcet®) ",,,,,,,
Drone ,Synthetic Cathinones ,,,,,,,
Drop ,Ecstasy/MDMA/Molly ,,,,,,,
Droski ,Hydroponic Marijuana ,,,,,,,
Dry High ,Marijuana ,,,,,,,
Dulces ,Amphetamine, Cocaine ,,,,,,
Dummy Dust ,PCP (Phencyclidine) ,,,,,,,
Dunk ,Methamphetamine ,,,,,,,
Duracell ,Cocaine ,,,,,,,
Durazno ,Cocaine ,,,,,,,
Durin ,Crack Cocaine ,,,,,,,
Duro ,Cocaine ,,,,,,,
Dust ,Cocaine, PCP (Phencyclidine) ,,,,,,
Dust Joint ,PCP (Phencyclidine) ,,,,,,,
Dust of Angels ,PCP (Phencyclidine) ,,,,,,,
Dynamite ,Heroin ,,,,,,,
Dyno ,Heroin ,,,,,,,
E ,Ecstasy/MDMA/Molly ,,,,,,,
Ear Wax ,Marijuana Concentrates/Hash Oil ,,,,,,,
Earth Blend ,Synthetic Cannabinoids ,,,,,,,
Easing Powder ,Opium ,,,,,,,
Eastside Player ,Crack Cocaine ,,,,,,,
Easy Lay ,GHB (Gamma-Hydroxybutyric Acid) ,,,,,,,
E-Bomb ,Ecstasy/MDMA/Molly ,,,,,,,
Edibles ,Marijuana Concentrates/Hash Oil ,,,,,,,
Egg  ,Crack Cocaine ,,,,,,,
El Cid ,LSD (Lysergic Acid Diethylamide) ,,,,,,,
El Diablo ,Heroin ,,,,,,,
El Gata Diablo ,Methamphetamine ,,,,,,,
Electric Kool Aid ,LSD (Lysergic Acid Diethylamide) ,,,,,,,
Elefante Blanco ,LSD (Lysergic Acid Diethylamide) ,,,,,,,
Elefante Pata ,Marijuana ,,,,,,,
Elephant ,PCP (Phencyclidine) ,,,,,,,
"Elephant  
Tranquilizer ",PCP (Phencyclidine) ,,,,,,,
Ellis Day ,LSD (Lysergic Acid Diethylamide) ,,,,,,,
Embalming Fluid ,PCP (Phencyclidine) ,,,,,,,
Enail ,Marijuana Concentrates/Hash Oil ,,,,,,,
Endo ,Marijuana ,,,,,,,
Energy-1 ,Synthetic Cathinones ,,,,,,,
Engines ,Heroin ,,,,,,,
Enigizer ,PCP (Phencyclidine) ,,,,,,,
Enrique Grande ,Heroin ,,,,,,,
Ercs ,Acetaminophen and Oxycodone Combination (Percocet®) ,,,,,,,
Errl ,Marijuana Concentrates/Hash Oil ,,,,,,,
Escama ,Cocaine ,,,,,,,
Escoba ,Marijuana ,,,,,,,
Escorpino ,Cocaine ,,,,,,,
Esquina ,Heroin ,,,,,,,
Esquinilla ,Heroin ,,,,,,,
Essence ,Ecstasy/MDMA/Molly ,,,,,,,
Eve ,Ecstasy/MDMA/Molly ,,,,,,,
Everclear ,GHB (Gamma-Hydroxybutyric Acid) ,,,,,,,
Evil Sister ,Methamphetamine ,,,,,,,
Exodus ,Synthetic Cannabinoids ,,,,,,,
Explosion ,Synthetic Cathinones ,,,,,,,
Extract ,Marijuana Concentrates/Hash Oil ,,,,,,,
Extreme ,Synthetic Cannabinoids ,,,,,,,
Eye Glasses ,Methamphetamine ,,,,,,,
Eye Opener ,Crack Cocaine ,,,,,,,
F ,Fentanyl and Fentanyl Derivatives ,,,,,,,
Facebook ,Fentanyl mixed with Heroin in pill form ,,,,,,,
Fairy Dust ,Heroin ,,,,,,,
Fake Bake ,Synthetic Cannabinoids ,,,,,,,
Fake STP ,PCP (Phencyclidine) ,,,,,,,
Falopa ,Cocaine ,,,,,,,
Famous Dimes ,Crack Cocaine ,,,,,,,
Fantasy G ,GHB (Gamma-Hydroxybutyric Acid) ,,,,,,,
Fat Bags ,Crack Cocaine ,,,,,,,
Fattie ,Marijuana ,,,,,,,
Fef1 ,Cocaine ,,,,,,,
Fent ,Fentanyl and Fentanyl Derivatives ,,,,,,,
Fenty ,Fentanyl and Fentanyl Derivatives ,,,,,,,
Fichas ,Cocaine ,,,,,,,
Fi-Do-Nie ,Opium ,,,,,,,
Fields ,LSD (Lysergic Acid Diethylamide) ,,,,,,,
Fiesta ,Cocaine ,,,,,,,
Fifty-One ,Crack Cocaine ,,,,,,,
Fine Stuff ,Marijuana ,,,,,,,
Fire ,Cocaine Base, Fentanyl and Fentanyl Derivatives, Marijuana,,,,,  
First Line ,Morphine ,,,,,,,
Fish ,Liquid Cocaine ,,,,,,,
Fish Scale ,Cocaine ,,,,,,,
Fish Scales ,Crack Cocaine ,,,,,,,
Fives ,Amphetamine ,,,,,,,
Fizz ,Methamphetamine ,,,,,,,
Flake ,Cocaine ,,,,,,,
Flakes ,PCP (Phencyclidine) ,,,,,,,
Flakka ,Synthetic Cathinones - Alpha- PVP ,,,,,,,
Flash ,LSD (Lysergic Acid Diethylamide) ,,,,,,,
Flat Blues ,LSD (Lysergic Acid Diethylamide) ,,,,,,,
Flea Market Jeans ,Cocaine ,,,,,,,
Flea Powder ,Heroin ,,,,,,,
Florida Snow ,Cocaine ,,,,,,,
Flour ,Amphetamine, Cocaine ,,,,,,
Flower ,Marijuana ,,,,,,,
Flower Tops ,Marijuana ,,,,,,,
Flowers ,Methamphetamine ,,,,,,,
Fluff ,"Hydrocodone (Norco®, Vicodin®, Lorcet®) ",,,,,,,
Fluffy ,Marijuana ,,,,,,,
Foco ,Methamphetamine ,,,,,,,
Food ,Cocaine, Fentanyl and Fentanyl Derivatives, White Heroin,,,,,  
Foolish Powder ,Cocaine, Heroin ,,,,,,
Footballs ,Alprazolam (Xanax®), Amphetamine ,,,,,,
Forget Pill ,Flunitrazepam (Rohypnol®) ,,,,,,,
Fox ,Cocaine ,,,,,,,
Freddy ,Fentanyl and Fentanyl Derivatives ,,,,,,,
Freebase ,Crack Cocaine ,,,,,,,
Freeze ,Cocaine ,,,,,,,
French Blues ,Amphetamine ,,,,,,,
French Fries ,Crack Cocaine ,,,,,,,
Friend ,Fentanyl and Fentanyl Derivatives ,,,,,,,
Frio ,Methamphetamine ,,,,,,,
Friskie Powder ,Cocaine ,,,,,,,
Fruit  ,Methamphetamine ,,,,,,,
Fruit Candy Flavors ,Synthetic Cannabinoids ,,,,,,,
Frula ,Cocaine ,,,,,,,
Fuf ,Furanyl Fentanyl ,,,,,,,
Full Melt ,Marijuana Concentrates/Hash Oil ,,,,,,,
Funky Buddha ,Synthetic Cannabinoids ,,,,,,,
Funky Monkey ,Synthetic Cannabinoids ,,,,,,,
Funtime ,Cocaine ,,,,,,,
Fuzzy Lady ,Marijuana ,,,,,,,
Gabacho ,Cocaine ,,,,,,,
Gak ,Methamphetamine ,,,,,,,
Galaxy ,Cocaine ,,,,,,,
Gallina ,Marijuana ,,,,,,,
Gallito ,Marijuana ,,,,,,,
Galloping Horse ,Heroin ,,,,,,,
Gallos ,Cocaine ,,,,,,,
Gamma Oh ,GHB (Gamma-Hydroxybutyric Acid) ,,,,,,,
Gamot ,Heroin ,,,,,,,
Gangster ,Marijuana ,,,,,,,
Ganja ,Marijuana ,,,,,,,
Garbage ,Methamphetamine ,,,,,,,
Garbage Rock ,Crack Cocaine ,,,,,,,
Garden ,Marijuana ,,,,,,,
Garden Salad  ,Synthetic Cannabinoids ,,,,,,,
Garifa ,Marijuana ,,,,,,,
Gash ,Marijuana ,,,,,,,
Gato ,Cocaine, Heroin, Marijuana ,,,,,
Gauge ,Marijuana ,,,,,,,
Gear ,Steroids ,,,,,,,
Gee ,Opium ,,,,,,,
GEEB ,GHB (Gamma-Hydroxybutyric Acid) ,,,,,,,
Geek ,Crack Cocaine ,,,,,,,
Geeked Up ,Amphetamine ,,,,,,,
Genie ,Synthetic Cannabinoids ,,,,,,,
George Smack ,Heroin ,,,,,,,
Georgia Home Boy ,GHB (Gamma-Hydroxybutyric Acid) ,,,,,,,
G-Force ,Synthetic Cannabinoids ,,,,,,,
G-Funk ,Methamphetamine ,,,,,,,
Ghana ,Marijuana ,,,,,,,
Ghost  ,LSD (Lysergic Acid Diethylamide) ,,,,,,,
GI Joe ,Synthetic Cannabinoids ,,,,,,,
Gift of the Sun ,Cocaine ,,,,,,,
Gifts ,Methamphetamine ,,,,,,,
Giggle Smoke ,Marijuana ,,,,,,,
Giggle Weed ,Marijuana ,,,,,,,
Gigi ,Hydroponic Marijuana ,,,,,,,
Gin ,Cocaine ,,,,,,,
Gina ,GHB (Gamma-Hydroxybutyric Acid) ,,,,,,,
Girl ,Cocaine, Fentanyl and Fentanyl Derivatives, Heroin ,,,,,
Girl Scout Cookies ,Hydroponic Marijuana ,,,,,,,
Girlfriend ,Cocaine ,,,,,,,
Girls ,Methamphetamine ,,,,,,,
Glad Stuff ,Cocaine ,,,,,,,
Glass ,Methamphetamine ,,,,,,,
Glo ,Crack Cocaine ,,,,,,,
Glob ,Marijuana Concentrates/Hash Oil ,,,,,,,
Globo ,Balloon of Heroin ,,,,,,,
Gloria ,Marijuana ,,,,,,,
Go ,Ecstasy/MDMA/Molly ,,,,,,,
Goat ,Heroin ,,,,,,,
God’s Drug ,Morphine ,,,,,,,
God’s Flesh ,Psilocybin Mushrooms ,,,,,,,
God’s Medicine ,Opium ,,,,,,,
Go-Fast ,Methamphetamine ,,,,,,,
Go-Go ,Methamphetamine ,,,,,,,
Gold ,Crack Cocaine, Marijuana ,,,,,,
Gold Dust ,Cocaine ,,,,,,,
Gold Leaf ,Marijuana ,,,,,,,
Gold Star ,Marijuana ,,,,,,,
Golden Dragon ,LSD (Lysergic Acid Diethylamide) ,,,,,,,
Golden Girl ,Heroin ,,,,,,,
Golf Ball ,Crack Cocaine ,,,,,,,
Golf Balls ,LSD (Lysergic Acid Diethylamide) ,,,,,,,
Goma ,Heroin, Opium ,,,,,,
Gondola ,Opium ,,,,,,,
Gong ,Marijuana ,,,,,,,
Good and Plenty ,Heroin ,,,,,,,
Good Giggles ,Marijuana ,,,,,,,
Good H ,Heroin ,,,,,,,
Goodfella ,Fentanyl and Fentanyl Derivatives ,,,,,,,
Goofball ,Heroin mixed with Methamphetamine ,,,,,,,
Goofballs ,Amphetamine ,,,,,,,
Goofy ,LSD (Lysergic Acid Diethylamide) ,,,,,,,
Goog ,Ecstasy/MDMA/Molly ,,,,,,,
Goon ,PCP (Phencyclidine) ,,,,,,,
Goop ,GHB (Gamma-Hydroxybutyric Acid) ,,,,,,,
Gorda ,Heroin ,,,,,,,
Goric ,Opium ,,,,,,,
Gorilla ,Marijuana ,,,,,,,
Gorilla Glue ,Marijuana, Marijuana Concentrates/Hash Oil ,,,,,,
Gorilla Tab ,PCP (Phencyclidine) ,,,,,,,
Gorrilla Biscuits ,PCP (Phencyclidine) ,,,,,,,
Gota  ,LSD (Lysergic Acid Diethylamide) ,,,,,,,
Grand Daddy Purp ,Marijuana ,,,,,,,
Grape Parfait ,LSD (Lysergic Acid Diethylamide) ,,,,,,,
Gras ,Heroin ,,,,,,,
Grasin ,Heroin ,,,,,,,
Grass ,Marijuana ,,,,,,,
Grasshopper ,Marijuana ,,,,,,,
Gravel ,Crack Cocaine, Synthetic Cathinones - Alpha- PVP ,,,,,,
Gravy ,Heroin ,,,,,,,
Gray Stuff ,Fentanyl and Fentanyl Derivatives ,,,,,,,
Great Bear ,Fentanyl and Fentanyl Derivatives ,,,,,,,
"Great Hormones at  
Bedtime ",GHB (Gamma-Hydroxybutyric Acid) ,,,,,,,
Great Tobacco ,Opium ,,,,,,,
Great White Hope ,Crack Cocaine ,,,,,,,
Green ,Ketamine (Ketalar®), Marijuana ,,,,,,
Green Apple ,Ecstasy/MDMA/Molly ,,,,,,,
Green Button ,Mescaline/Peyote ,,,,,,,
Green Crack ,Marijuana ,,,,,,,
Green Dream ,Synthetic Cannabinoids ,,,,,,,
Green Eyes ,Marijuana ,,,,,,,
Green Goblin ,Marijuana ,,,,,,,
Green Goddess ,Marijuana ,,,,,,,
Green Gold ,Cocaine ,,,,,,,
Green K ,Ketamine (Ketalar®) ,,,,,,,
Green Leaves ,PCP (Phencyclidine) ,,,,,,,
"Green Mercedes  
Benz ",Marijuana ,,,,,,,
Green Paint ,Marijuana ,,,,,,,
Green Peace ,Synthetic Cannabinoids ,,,,,,,
Green Skunk ,Marijuana ,,,,,,,
Green Tea ,PCP (Phencyclidine) ,,,,,,,
Green Wedge ,LSD (Lysergic Acid Diethylamide) ,,,,,,,
Green-Eyed Girl ,Marijuana ,,,,,,,
Greenhouse ,Marijuana ,,,,,,,
Greenies ,Acetaminophen and Oxycodone Combination (Percocet®), Amphetamine ,,,,,,
Greens ,"Oxycodone (Oxycontin®, Roxicodone®, Oxaydo®) ",,,,,,,
Grenuda ,Marijuana ,,,,,,,
Greta ,Marijuana ,,,,,,,
Grey Shields ,LSD (Lysergic Acid Diethylamide) ,,,,,,,
"Grievous Bodily  
Harm ",GHB (Gamma-Hydroxybutyric Acid) ,,,,,,,
G-Riffic ,GHB (Gamma-Hydroxybutyric Acid) ,,,,,,,
Gringa ,Cocaine ,,,,,,,
Gringito ,Cocaine ,,,,,,,
Grit ,Crack Cocaine ,,,,,,,
Groceries ,Crack Cocaine, Methamphetamine ,,,,,,
Grout ,Cocaine ,,,,,,,
Guardada ,Marijuana ,,,,,,,
Guerillo ,Cocaine ,,,,,,,
Gueros ,Cocaine ,,,,,,,
Guitar ,Cocaine ,,,,,,,
Gum ,Heroin, Opium ,,,,,,
Guma ,Opium ,,,,,,,
Gummy Bears ,Marijuana ,,,,,,,
Gunga ,Marijuana ,,,,,,,
Gym Candy ,Steroids ,,,,,,,
H ,Heroin ,,,,,,,
H1 ,Cocaine ,,,,,,,
Hai ,Cocaine ,,,,,,,
Hail ,Crack Cocaine ,,,,,,,
Hairy ,Heroin ,,,,,,,
Hairy Ones ,Marijuana ,,,,,,,
Half Moon ,Mescaline/Peyote ,,,,,,,
Hamburger ,Cocaine ,,,,,,,
Hamburger Helper ,Crack Cocaine ,,,,,,,
Hammer Head ,Synthetic Cannabinoids ,,,,,,,
Handlebars ,Alprazolam (Xanax®) ,,,,,,,
Happy Dust ,Cocaine ,,,,,,,
Happy Pill ,Ecstasy/MDMA/Molly ,,,,,,,
Happy Powder ,Cocaine ,,,,,,,
Happy Trails ,Cocaine ,,,,,,,
Hard ,Crack Cocaine ,,,,,,,
Hard Candy ,Heroin ,,,,,,,
Hard Ones ,Methamphetamine ,,,,,,,
Hardy One ,Heroin ,,,,,,,
Hare ,Methamphetamine ,,,,,,,
Harry ,Heroin ,,,,,,,
Hash ,Marijuana ,,,,,,,
Hats ,Heroin, LSD (Lysergic Acid Diethylamide) ,,,,,,
Hawaiian   ,Marijuana ,,,,,,,
Hawaiian Salt ,Methamphetamine ,,,,,,,
Hawaiian Sunshine ,LSD (Lysergic Acid Diethylamide) ,,,,,,,
Hawk ,LSD (Lysergic Acid Diethylamide) ,,,,,,,
Hay ,Marijuana ,,,,,,,
Haze ,LSD (Lysergic Acid Diethylamide) ,,,,,,,
Hazel ,Heroin ,,,,,,,
H-Caps ,Heroin ,,,,,,,
Head Drugs ,Amphetamine ,,,,,,,
Headlights ,LSD (Lysergic Acid Diethylamide) ,,,,,,,
Heady ,Marijuana Concentrates/Hash Oil ,,,,,,,
Hearts ,Amphetamine ,,,,,,,
Heaven ,Cocaine ,,,,,,,
Heaven and Hell ,PCP (Phencyclidine) ,,,,,,,
Heaven Dust ,Cocaine, Heroin ,,,,,,
Heavenly Blue ,LSD (Lysergic Acid Diethylamide) ,,,,,,,
Heavy ,Heroin ,,,,,,,
Heavy One ,Cocaine ,,,,,,,
Heineken ,Fentanyl and Fentanyl Derivatives ,,,,,,,
Helen ,Heroin ,,,,,,,
Helicopter ,Heroin ,,,,,,,
Helix ,Synthetic Cannabinoids ,,,,,,,
Hell Dust ,Heroin ,,,,,,,
He-Man ,Fentanyl and Fentanyl Derivatives ,,,,,,,
Hemp ,Marijuana ,,,,,,,
Hen ,Cocaine ,,,,,,,
Henry ,Heroin ,,,,,,,
Henry VIII ,Cocaine ,,,,,,,
Herb ,Marijuana ,,,,,,,
Hercules ,Heroin ,,,,,,,
Hero ,Heroin ,,,,,,,
HH ,Cocaine ,,,,,,,
HHJ ,Cocaine ,,,,,,,
Hielo ,Methamphetamine ,,,,,,,
Hierba ,Marijuana ,,,,,,,
High Heat ,Cocaine ,,,,,,,
Hikori ,Mescaline/Peyote ,,,,,,,
Hikuli ,Mescaline/Peyote ,,,,,,,
Hillbilly Heroin ,Acetaminophen and Oxycodone Combination (Percocet®), Oxycodone  ,,,,,,
Him ,Heroin ,,,,,,,
Hiopon ,Methamphetamine ,,,,,,,
Hipster ,Synthetic Cannabinoids ,,,,,,,
Hit ,Cocaine ,,,,,,,
Hits ,LSD (Lysergic Acid Diethylamide) ,,,,,,,
HMH ,Cocaine ,,,,,,,
Hocus ,Opium ,,,,,,,
Hog ,PCP (Phencyclidine) ,,,,,,,
Hoja ,Marijuana ,,,,,,,
Holy Grail ,Marijuana ,,,,,,,
Hombre ,Heroin ,,,,,,,
Homegrown ,Marijuana ,,,,,,,
Honey Oil ,Ketamine (Ketalar®), Marijuana Concentrates/Hash Oil ,,,,,,
Hongos ,Psilocybin Mushrooms ,,,,,,,
Hooch ,Marijuana ,,,,,,,
Hops ,Opium ,,,,,,,
Horse ,Heroin ,,,,,,,
Horse Heads ,Amphetamine ,,,,,,,
Horse Tracks ,PCP (Phencyclidine) ,,,,,,,
Horse Tranquilizers ,PCP (Phencyclidine) ,,,,,,,
Hot Dope ,Heroin ,,,,,,,
Hot Ice ,Methamphetamine ,,,,,,,
Hotcakes ,Crack Cocaine ,,,,,,,
Hubba ,Crack Cocaine ,,,,,,,
Hubbers ,Methamphetamine ,,,,,,,
Huera ,Heroin ,,,,,,,
Huerfanito ,Fentanyl and Fentanyl Derivatives ,,,,,,,
Hug ,Ecstasy/MDMA/Molly ,,,,,,,
Hug Drug ,Ecstasy/MDMA/Molly ,,,,,,,
Hulk ,Alprazolam (Xanax®) ,,,,,,,
Huma ,Marijuana ,,,,,,,
Humid ,Fentanyl and Fentanyl Derivatives ,,,,,,,
Hummers ,Heroin ,,,,,,,
Hyatari ,Mescaline/Peyote ,,,,,,,
Hydro ,Marijuana ,,,,,,,
Hydros ,"Hydrocodone (Norco®, Vicodin®, Lorcet®) ",,,,,,,
Hysteria ,Synthetic Cannabinoids ,,,,,,,
Ice ,Crack Cocaine, Methamphetamine ,,,,,,
Ice Cream ,Methamphetamine ,,,,,,,
Ice Cubes ,Crack Cocaine ,,,,,,,
Ice Dragon ,Synthetic Cannabinoids ,,,,,,,
Ice Water    ,Methamphetamine ,,,,,,,
Ice Water Hash ,Marijuana Concentrates/Hash Oil ,,,,,,,
Icehead ,Methamphetamine ,,,,,,,
Idiot Pills ,"Hydrocodone (Norco®, Vicodin®, Lorcet®) ",,,,,,,
In-Betweens ,Amphetamine ,,,,,,,
Incense ,Opium ,,,,,,,
Indian Boy ,Marijuana ,,,,,,,
Indian Hay ,Marijuana ,,,,,,,
Insect Repellent  ,Synthetic Cathinones ,,,,,,,
Instant Zen ,LSD (Lysergic Acid Diethylamide) ,,,,,,,
Issues ,Crack Cocaine ,,,,,,,
Ivory Wave ,Synthetic Cathinones ,,,,,,,
IWE ,Marijuana Concentrates/Hash Oil ,,,,,,,
Jackpot ,Fentanyl and Fentanyl Derivatives ,,,,,,,
Jale ,Methamphetamine ,,,,,,,
Jamaican Gold ,Marijuana ,,,,,,,
Jamaican Red ,Marijuana ,,,,,,,
Jelly ,Cocaine ,,,,,,,
Jelly Babies ,Amphetamine ,,,,,,,
Jelly Beans ,Amphetamine, Crack Cocaine ,,,,,,
Jesus Christ Acid ,LSD (Lysergic Acid Diethylamide) ,,,,,,,
Jet ,Ketamine (Ketalar®) ,,,,,,,
Jet Fuel ,PCP (Phencyclidine) ,,,,,,,
Jet K ,Ketamine (Ketalar®) ,,,,,,,
Jewelry Cleaner ,Synthetic Cathinones ,,,,,,,
Jib ,GHB (Gamma-Hydroxybutyric Acid) ,,,,,,,
Jif ,"Methylphenidate (Ritalin®, Concerta®, Daytrana®) ",,,,,,,
Jive ,Marijuana ,,,,,,,
John Deere ,Cocaine ,,,,,,,
Johnny ,"Methylphenidate (Ritalin®, Concerta®, Daytrana®) ",,,,,,,
Johnson ,Crack Cocaine ,,,,,,,
Jojee ,Heroin ,,,,,,,
Joker ,Synthetic Cannabinoids ,,,,,,,
Jolly Beans ,Amphetamine ,,,,,,,
Jolly Green ,Marijuana ,,,,,,,
Jon-Jem ,Marijuana ,,,,,,,
Joy Flakes ,Cocaine, Heroin ,,,,,,
Joy Juice ,Morphine ,,,,,,,
Joy Plant ,Opium ,,,,,,,
Joy Powder ,Cocaine, Heroin ,,,,,,
Joy Smoke ,Marijuana ,,,,,,,
Juan Valdez ,Marijuana ,,,,,,,
Juanita ,Marijuana ,,,,,,,
Jug of Water ,Methamphetamine ,,,,,,,
Jugs ,Amphetamine ,,,,,,,
Juguetes ,Cocaine ,,,,,,,
Juice ,PCP (Phencyclidine), Promethazine, Steroids ,,,,,
Juicy Leaf ,Synthetic Cannabinoids ,,,,,,,
Jump Rope ,Cocaine ,,,,,,,
Jungle Juice ,Marijuana, Synthetic Cannabinoids ,,,,,,
Junk ,Cocaine, Heroin ,,,,,,
Just Chill ,Synthetic Cannabinoids ,,,,,,,
K ,Clonazepam (Klonopin®), Ketamine (Ketalar®) ,,,,,,
K13 ,Cocaine ,,,,,,,
K2 ,Synthetic Cannabinoids ,,,,,,,
K4 ,Hydromorphone (Dilaudid®) ,,,,,,,
Kabayo ,Heroin ,,,,,,,
Kaff ,Marijuana ,,,,,,,
Kaleidoscope ,LSD (Lysergic Acid Diethylamide) ,,,,,,,
Kali ,Marijuana ,,,,,,,
Kangaroo ,Crack Cocaine ,,,,,,,
Kaos ,Synthetic Cannabinoids ,,,,,,,
Kaps ,PCP (Phencyclidine) ,,,,,,,
Karachi ,Heroin ,,,,,,,
Karate ,Heroin ,,,,,,,
Karma ,Synthetic Cannabinoids ,,,,,,,
Kat ,Khat ,,,,,,,
Kaya ,Marijuana ,,,,,,,
KB ,Marijuana ,,,,,,,
K-Blast ,PCP (Phencyclidine) ,,,,,,,
Keller ,Ketamine (Ketalar®) ,,,,,,,
Kelly’s Day ,Ketamine (Ketalar®) ,,,,,,,
Kentucky Blue ,Marijuana ,,,,,,,
KGB ,Marijuana ,,,,,,,
Khalifa ,Marijuana ,,,,,,,
K-Hold ,Ketamine (Ketalar®) ,,,,,,,
Kibbles and Bits ,"Methylphenidate (Ritalin®, Concerta®, Daytrana®) ",,,,,,,
Kickers ,Acetaminophen and Oxycodone Combination (Percocet®), Oxycodone  ,,,,,,
Kiddie Cocaine ,"Methylphenidate (Ritalin®, Concerta®, Daytrana®) ",,,,,,,
Kiddie Coke ,"Methylphenidate (Ritalin®, Concerta®, Daytrana®) ",,,,,,,
Kiff ,Marijuana ,,,,,,,
Killa ,Marijuana ,,,,,,,
Killer ,PCP (Phencyclidine) ,,,,,,,
Killers ,"Oxycodone (Oxycontin®, Roxicodone®, Oxaydo®) ",,,,,,,
Kilter ,Marijuana ,,,,,,,
King Ivory ,Fentanyl and Fentanyl Derivatives ,,,,,,,
King Louie ,Marijuana ,,,,,,,
King’s Habit ,Cocaine ,,,,,,,
King’s Tickets ,Heroin ,,,,,,,
Kit Kat ,Ketamine (Ketalar®) ,,,,,,,
Kitty Flip ,Ketamine (Ketalar®) ,,,,,,,
Klear ,Marijuana Concentrates/Hash Oil ,,,,,,,
Kleenex ,Ecstasy/MDMA/Molly ,,,,,,,
Knoa Gold ,Marijuana ,,,,,,,
Kokoma ,Crack Cocaine ,,,,,,,
Kong ,Synthetic Cannabinoids ,,,,,,,
Kools ,PCP (Phencyclidine) ,,,,,,,
Kordell ,Cocaine ,,,,,,,
K-Pin ,Clonazepam (Klonopin®) ,,,,,,,
Krazy Kandy ,Synthetic Cannabinoids ,,,,,,,
Kryp2nite ,Synthetic Cannabinoids ,,,,,,,
Kryptonite ,Crack Cocaine ,,,,,,,
Kumba ,Marijuana ,,,,,,,
Kush ,Marijuana, Synthetic Cannabinoids ,,,,,,
K-Ways ,Ketamine (Ketalar®) ,,,,,,,
L.A. Glass ,Methamphetamine ,,,,,,,
L.A. Ice ,Methamphetamine ,,,,,,,
L7 ,Alprazolam (Xanax®) ,,,,,,,
La Familia ,Cocaine ,,,,,,,
La Rocha ,Flunitrazepam (Rohypnol®) ,,,,,,,
La Tierra ,Heroin ,,,,,,,
LA Turnaround ,Amphetamine ,,,,,,,
Ladders ,Alprazolam (Xanax®) ,,,,,,,
Lady ,Cocaine ,,,,,,,
Lady Snow ,Cocaine ,,,,,,,
Late Night ,Cocaine ,,,,,,,
Laughing Grass ,Marijuana ,,,,,,,
Laughing Weed ,Marijuana ,,,,,,,
Lavada ,Cocaine ,,,,,,,
Layer Cake ,Synthetic Cannabinoids ,,,,,,,
Lazers ,Psilocybin Mushrooms ,,,,,,,
Leaf ,Cocaine, Marijuana ,,,,,,
Leaky Leak ,PCP (Phencyclidine) ,,,,,,,
Lean ,Promethazine ,,,,,,,
Leapers ,Amphetamine ,,,,,,,
Leary ,LSD (Lysergic Acid Diethylamide) ,,,,,,,
Lechuga ,Marijuana ,,,,,,,
Lemon 714 ,PCP (Phencyclidine) ,,,,,,,
Lemon Drop ,Methamphetamine ,,,,,,,
Lemonade ,Heroin," Hydrocodone (Norco®, Vicodin®, Lorcet®) ",,,,,,
Lemon-Lime ,Marijuana ,,,,,,,
Lemons ,Methamphetamine ,,,,,,,
Leña ,Marijuana ,,,,,,,
Lens ,LSD (Lysergic Acid Diethylamide) ,,,,,,,
Lenta ,Heroin ,,,,,,,
Lentejuela ,LSD (Lysergic Acid Diethylamide) ,,,,,,,
Lethal Weapon ,PCP (Phencyclidine) ,,,,,,,
Liamba ,Marijuana ,,,,,,,
Liberties ,Psilocybin Mushrooms ,,,,,,,
Liberty Caps ,Psilocybin Mushrooms ,,,,,,,
Libreta ,Cocaine ,,,,,,,
Lid Poppers ,Amphetamine, Amphetamine and Dextroamphetamine Combination  ,,,,,,
Lifesaver ,Heroin ,,,,,,,
Light ,Methamphetamine ,,,,,,,
Light Beige ,Methamphetamine ,,,,,,,
Lightening ,Amphetamine ,,,,,,,
Lime Acid ,LSD (Lysergic Acid Diethylamide) ,,,,,,,
Lime Pillows ,Marijuana ,,,,,,,
Limitless ,Synthetic Cannabinoids ,,,,,,,
Line ,Cocaine ,,,,,,,
Liquid E ,GHB (Gamma-Hydroxybutyric Acid) ,,,,,,,
Liquid X ,GHB (Gamma-Hydroxybutyric Acid) ,,,,,,,
Little Bombs ,Amphetamine ,,,,,,,
Little Green Friends ,Marijuana ,,,,,,,
Little Smoke ,Marijuana, Psilocybin Mushrooms ,,,,,,
Live ,LSD (Lysergic Acid Diethylamide) ,,,,,,,
Live Resin ,Marijuana Concentrates/Hash Oil ,,,,,,,
Livianas ,Methamphetamine ,,,,,,,
Llesca ,Marijuana ,,,,,,,
Lluvia de Estrellas ,LSD (Lysergic Acid Diethylamide) ,,,,,,,
Loaf ,Cocaine, Marijuana ,,,,,,
Lobo ,Marijuana ,,,,,,,
Loco Weed ,Marijuana ,,,,,,,
Lollipop ,Fentanyl and Fentanyl Derivatives ,,,,,,,
Looney Tunes ,LSD (Lysergic Acid Diethylamide) ,,,,,,,
Lorries ,"Hydrocodone (Norco®, Vicodin®, Lorcet®) ",,,,,,,
Loud ,Marijuana ,,,,,,,
Love ,Crack Cocaine ,,,,,,,
Love Affair ,Cocaine ,,,,,,,
Love Boat ,PCP (Phencyclidine) ,,,,,,,
Love Doctor ,Ecstasy/MDMA/Molly ,,,,,,,
Love Drug ,Ecstasy/MDMA/Molly ,,,,,,,
Love Flip ,Mescaline/Peyote taken with Ecstasy ,,,,,,,
Love Nuggets ,Marijuana ,,,,,,,
Love Potion #9 ,Ecstasy/MDMA/Molly ,,,,,,,
Love Trip ,Ecstasy mixed with Mescaline ,,,,,,,
Love Weed ,Marijuana ,,,,,,,
Lover’s Speed ,Ecstasy/MDMA/Molly ,,,,,,,
Lucas ,Marijuana ,,,,,,,
Lucy ,LSD (Lysergic Acid Diethylamide) ,,,,,,,
Lunar Wave ,Synthetic Cathinones ,,,,,,,
Lunch Money ,Flunitrazepam (Rohypnol®) ,,,,,,,
LV ,Cocaine ,,,,,,,
M.J. ,Marijuana ,,,,,,,
M-30s ,Acetaminophen and Oxycodone Combination (Percocet®) ,,,,,,,
Maca Flour ,Cocaine ,,,,,,,
Machinery ,Marijuana ,,,,,,,
Macoña ,Marijuana ,,,,,,,
Mad Dog ,PCP (Phencyclidine) ,,,,,,,
Mad Hatter ,Synthetic Cannabinoids ,,,,,,,
Mad Man ,PCP (Phencyclidine) ,,,,,,,
Madera ,Methamphetamine, Cocaine ,,,,,,
Mafafa ,Marijuana ,,,,,,,
Magic Dust ,PCP (Phencyclidine), Psilocybin Mushrooms ,,,,,,
Magic Smoke ,Marijuana ,,,,,,,
Maje ,LSD (Lysergic Acid Diethylamide) ,,,,,,,
Malcolm X ,Ecstasy/MDMA/Molly ,,,,,,,
Mama Coca ,Cocaine ,,,,,,,
Mamph ,Methamphetamine ,,,,,,,
Mandango ,Cocaine ,,,,,,,
Manhattan Silver ,Marijuana ,,,,,,,
Manita ,Cocaine ,,,,,,,
Manteca ,Heroin, Marijuana ,,,,,,
Maracachafa ,Marijuana ,,,,,,,
Maradona ,Cocaine ,,,,,,,
Marathons ,Amphetamine ,,,,,,,
Marbol ,Cocaine ,,,,,,,
Maria ,Marijuana ,,,,,,,
Marias ,Heroin ,,,,,,,
Marimba ,Marijuana ,,,,,,,
Mariquita ,Marijuana ,,,,,,,
Marrion ,Heroin ,,,,,,,
Mary Ann ,Marijuana ,,,,,,,
Mary Jane ,Marijuana ,,,,,,,
Mary Jones ,Marijuana ,,,,,,,
Mary Warner ,Marijuana ,,,,,,,
Mary Weaver ,Marijuana ,,,,,,,
Matchbox ,Marijuana ,,,,,,,
Material ,Cocaine ,,,,,,,
Matraca ,Marijuana ,,,,,,,
Maui Wowie ,Marijuana ,,,,,,,
Mayback ,Cocaine - 62 grams ,,,,,,,
Mayo ,Cocaine, Heroin ,,,,,,
Mazpan ,Heroin ,,,,,,,
M-Cat ,Synthetic Cathinones ,,,,,,,
Meal ,Heroin ,,,,,,,
Mean Green ,PCP (Phencyclidine) ,,,,,,,
Media Lata ,Cocaine ,,,,,,,
Media Luna ,Mescaline/Peyote ,,,,,,,
Meg ,Marijuana ,,,,,,,
Melcocha ,Cocaine ,,,,,,,
Mellow Yellow ,LSD (Lysergic Acid Diethylamide) ,,,,,,,
Menthol ,Heroin ,,,,,,,
Meow-Meow ,Synthetic Cathinones ,,,,,,,
Mercedes ,Cocaine ,,,,,,,
Mersh ,Marijuana ,,,,,,,
Mescal ,Mescaline/Peyote ,,,,,,,
Mescapade ,Mescaline/Peyote ,,,,,,,
Meth ,Methamphetamine ,,,,,,,
Methlies Quick ,Methamphetamine ,,,,,,,
Method ,Marijuana ,,,,,,,
Mexicali Haze ,Marijuana ,,,,,,,
Mexican Brown ,Heroin, Marijuana ,,,,,,
Mexican Crack ,Methamphetamine ,,,,,,,
Mexican Crank ,Methamphetamine ,,,,,,,
Mexican Green ,Marijuana ,,,,,,,
Mexican Red ,Marijuana ,,,,,,,
Mexican Valium  ,Flunitrazepam (Rohypnol®) ,,,,,,,
Mezcakuba ,Mescaline/Peyote ,,,,,,,
Mica ,LSD (Lysergic Acid Diethylamide) ,,,,,,,
Microdot ,LSD (Lysergic Acid Diethylamide), Mescaline/Peyote ,,,,,,
Micropunto Azul ,White tablet with drop of blue LSD ,,,,,,,
Micropunto Morado ,White tablet with drop of purple LSD ,,,,,,,
Midnight Oil ,Opium ,,,,,,,
Mighty Quinn ,LSD (Lysergic Acid Diethylamide) ,,,,,,,
Mile High ,Synthetic Cannabinoids ,,,,,,,
Milk ,Cocaine ,,,,,,,
Milonga ,Cocaine ,,,,,,,
Mind Detergent ,LSD (Lysergic Acid Diethylamide) ,,,,,,,
Mind Eraser ,Flunitrazepam (Rohypnol®) ,,,,,,,
Mini Beans ,Amphetamine ,,,,,,,
Mini Bennies ,Amphetamine ,,,,,,,
Mint Leaf ,PCP (Phencyclidine) ,,,,,,,
Mint Weed ,PCP (Phencyclidine) ,,,,,,,
Mira ,Opium ,,,,,,,
Misk ,Psilocybin Mushrooms ,,,,,,,
Miss Emma ,Morphine ,,,,,,,
Miss Girl ,Methamphetamine ,,,,,,,
Mist ,PCP (Phencyclidine) ,,,,,,,
Mister Blue ,Morphine ,,,,,,,
Mixed Jive ,Crack Cocaine ,,,,,,,
MMJ ,Marijuana ,,,,,,,
Mochie ,Hydroponic Marijuana ,,,,,,,
Moisqueta ,Marijuana ,,,,,,,
Mojo ,Cocaine, Heroin ,,,,,,
Mole ,Heroin ,,,,,,,
Moña ,Marijuana ,,,,,,,
Mona Lisa ,Cocaine ,,,,,,,
Mongega ,Heroin ,,,,,,,
Monkey ,Morphine ,,,,,,,
Monkey Dust ,PCP (Phencyclidine) ,,,,,,,
Monkey Juice ,GHB (Gamma-Hydroxybutyric Acid) ,,,,,,,
Monkey Tranquilizer ,PCP (Phencyclidine) ,,,,,,,
Monte ,Cocaine, Marijuana ,,,,,,
Montura ,Methamphetamine ,,,,,,,
Moocah ,Marijuana ,,,,,,,
Moon   ,Mescaline/Peyote ,,,,,,,
Moon Rock ,Crack Cocaine, Ecstasy/MDMA/Molly ,,,,,,
Moon Rocks ,Marijuana Concentrates/Hash Oil ,,,,,,,
Mootie ,Marijuana ,,,,,,,
Mora ,Marijuana ,,,,,,,
Morena ,Heroin ,,,,,,,
Morenita ,Heroin ,,,,,,,
Morning Shot ,Amphetamine ,,,,,,,
Morpho ,Morphine ,,,,,,,
Morrow ,Cocaine ,,,,,,,
Mortal Combat ,Heroin ,,,,,,,
Mosquitos ,Cocaine ,,,,,,,
Mostaza ,Marijuana ,,,,,,,
Mota ,Marijuana ,,,,,,,
Mother ,Marijuana ,,,,,,,
Mother of God ,LSD (Lysergic Acid Diethylamide) ,,,,,,,
Motor ,Methamphetamine ,,,,,,,
Motors ,Heroin ,,,,,,,
Movie Star Drug ,Cocaine ,,,,,,,
Mowing the Lawn ,Marijuana ,,,,,,,
MPH ,"Methylphenidate (Ritalin®, Concerta®, Daytrana®) ",,,,,,,
Muchacha ,Cocaine, Methamphetamine ,,,,,,
Muchachas ,"Oxycodone (Oxycontin®, Roxicodone®, Oxaydo®) ",,,,,,,
Mud ,Heroin ,,,,,,,
Muebles ,Cocaine ,,,,,,,
Muggie ,Marijuana ,,,,,,,
Mujer ,Cocaine, Heroin ,,,,,,
Mujeres ,"Oxycodone (Oxycontin®, Roxicodone®, Oxaydo®) ",,,,,,,
Murcielago ,Heroin ,,,,,,,
Murder 8 ,Fentanyl and Fentanyl Derivatives ,,,,,,,
Mureler ,LSD (Lysergic Acid Diethylamide) ,,,,,,,
Mushies ,Psilocybin Mushrooms ,,,,,,,
Muzzle ,Heroin ,,,,,,,
My Brother ,Marijuana ,,,,,,,
Mystique ,Synthetic Cannabinoids ,,,,,,,
Nails ,Methamphetamine ,,,,,,,
Nal ,Fentanyl and Fentanyl Derivatives ,,,,,,,
Nanoo ,Heroin ,,,,,,,
Napkin ,Cocaine ,,,,,,,
Narizona ,Marijuana ,,,,,,,
Nave ,LSD (Lysergic Acid Diethylamide) ,,,,,,,
Needle Candy ,Hydromorphone (Dilaudid®) ,,,,,,,
Negra ,Heroin ,,,,,,,
Negra Tomasa ,Heroin ,,,,,,,
Negrita ,Heroin ,,,,,,,
New Acid ,PCP (Phencyclidine) ,,,,,,,
New Magic ,PCP (Phencyclidine) ,,,,,,,
Newspapers ,LSD (Lysergic Acid Diethylamide) ,,,,,,,
Nice and Easy ,Heroin ,,,,,,,
Nickle ,Crack Cocaine ,,,,,,,
Nieve ,Cocaine ,,,,,,,
Night Noise ,Heroin ,,,,,,,
Nil ,Fentanyl and Fentanyl Derivatives ,,,,,,,
Niña ,Cocaine ,,,,,,,
Ninja ,Synthetic Cannabinoids ,,,,,,,
No-Doze ,Methamphetamine ,,,,,,,
Normal ,Cocaine ,,,,,,,
Northern Lights ,Marijuana ,,,,,,,
Nose Candy ,Cocaine ,,,,,,,
Nose Powder ,Cocaine ,,,,,,,
Nubs ,Mescaline/Peyote ,,,,,,,
Nug ,Marijuana ,,,,,,,
Nuggets ,Amphetamine, Crack Cocaine ,,,,,,
Nyl ,Fentanyl and Fentanyl Derivatives ,,,,,,,
O.J. ,Marijuana ,,,,,,,
Oat ,Khat ,,,,,,,
Obama ,Heroin ,,,,,,,
O-Boy ,Marijuana ,,,,,,,
OC ,"Oxycodone (Oxycontin®, Roxicodone®, Oxaydo®) ",,,,,,,
Ocean Burst ,Synthetic Cathinones ,,,,,,,
Odyssey ,Synthetic Cannabinoids ,,,,,,,
OG ,Marijuana ,,,,,,,
Old Lady ,Cocaine ,,,,,,,
Old Steve ,Heroin ,,,,,,,
OMG ,Synthetic Cannabinoids ,,,,,,,
One Pot ,Methamphetamine ,,,,,,,
One-Fifty-One ,Crack Cocaine ,,,,,,,
Ope ,Opium ,,,,,,,
Opes ,Fentanyl and Fentanyl Derivatives ,,,,,,,
Opio ,Opium ,,,,,,,
Orange Barrels ,LSD (Lysergic Acid Diethylamide) ,,,,,,,
Orange Crush ,Promethazine ,,,,,,,
Orange Crystal ,PCP (Phencyclidine) ,,,,,,,
Orange Cubes ,LSD (Lysergic Acid Diethylamide) ,,,,,,,
Orange Haze ,LSD (Lysergic Acid Diethylamide) ,,,,,,,
Orange Micros ,LSD (Lysergic Acid Diethylamide) ,,,,,,,
Orange Wedges ,LSD (Lysergic Acid Diethylamide) ,,,,,,,
Oranges ,Amphetamine, Buprenorphine and Naloxone Combination (Suboxone®) ,,,,,,
Organic Quaalude ,GHB (Gamma-Hydroxybutyric Acid) ,,,,,,,
Owl ,Marijuana ,,,,,,,
Owsley ,LSD (Lysergic Acid Diethylamide) ,,,,,,,
Oxy ,"Oxycodone (Oxycontin®, Roxicodone®, Oxaydo®) ",,,,,,,
Oxy 80s ,"Oxycodone (Oxycontin®, Roxicodone®, Oxaydo®) ",,,,,,,
Oyster Stew ,Cocaine ,,,,,,,
Ozone ,PCP (Phencyclidine) ,,,,,,,
Paint ,Cocaine, Methamphetamine ,,,,,,
Paja ,Marijuana ,,,,,,,
Pakalolo ,Marijuana ,,,,,,,
Paleta ,Cocaine ,,,,,,,
Palitroque ,Alprazolam (Xanax®) ,,,,,,,
Palm ,Marijuana ,,,,,,,
Paloma ,Cocaine, Marijuana ,,,,,,
Palomita ,Marijuana ,,,,,,,
Palomos ,Cocaine ,,,,,,,
Panama Cut ,Marijuana ,,,,,,,
Panama Gold ,Marijuana ,,,,,,,
Panama Red ,Marijuana ,,,,,,,
Pandora’s Box ,Synthetic Cannabinoids ,,,,,,,
Pantalones ,Cocaine, Methamphetamine ,,,,,,
Pants ,Heroin ,,,,,,,
Papas ,Cocaine ,,,,,,,
Paper Acid ,LSD (Lysergic Acid Diethylamide) ,,,,,,,
Paradise ,Cocaine ,,,,,,,
Paradise White ,Cocaine ,,,,,,,
Parrot ,Cocaine ,,,,,,,
Parsley ,Marijuana ,,,,,,,
Pastas ,Amphetamine ,,,,,,,
Paste ,Crack Cocaine ,,,,,,,
Pastillas ,Amphetamine ,,,,,,,
Pasto ,Marijuana ,,,,,,,
Pasture ,Marijuana ,,,,,,,
Patty ,Heroin ,,,,,,,
Patudas ,Methamphetamine ,,,,,,,
Paulas ,Acetaminophen and Oxycodone Combination (Percocet®) ,,,,,,,
Paz ,PCP (Phencyclidine) ,,,,,,,
Peace ,Ecstasy/MDMA/Molly ,,,,,,,
Peace Pill ,PCP (Phencyclidine) ,,,,,,,
Peaches ,Amphetamine ,,,,,,,
Peanut Butter Crank ,Methamphetamine ,,,,,,,
Pearl ,Cocaine ,,,,,,,
Pearly Gates ,LSD (Lysergic Acid Diethylamide) ,,,,,,,
Pebbles ,Crack Cocaine ,,,,,,,
Pedrito ,Cocaine ,,,,,,,
Pedro Martinez ,Crack Cocaine ,,,,,,,
Pee Wee ,Crack Cocaine ,,,,,,,
Peep ,PCP (Phencyclidine) ,,,,,,,
Peg ,Heroin ,,,,,,,
Peliroja ,Marijuana ,,,,,,,
Pellets ,LSD (Lysergic Acid Diethylamide) ,,,,,,,
Pelosa ,Marijuana ,,,,,,,
Pen Yan ,Opium ,,,,,,,
Pep Pills ,Amphetamine ,,,,,,,
Pepper ,Amphetamine ,,,,,,,
Percs ,Acetaminophen and Oxycodone Combination (Percocet®) ,,,,,,,
Perico ,Cocaine ,,,,,,,
Personal ,Cocaine ,,,,,,,
Peruvian ,Cocaine ,,,,,,,
Peruvian Flake ,Cocaine ,,,,,,,
Peruvian Lady ,Cocaine ,,,,,,,
Pescado ,Cocaine ,,,,,,,
Peta ,Cocaine ,,,,,,,
Peter Pan ,PCP (Phencyclidine) ,,,,,,,
Pez ,Cocaine ,,,,,,,
P-Funk ,Heroin ,,,,,,,
Pharmacy ,Fentanyl and Fentanyl Derivatives ,,,,,,,
Phoenix ,LSD (Lysergic Acid Diethylamide), Marijuana, Synthetic Cannabinoids ,,,,,
"Phone Screen  
Cleaner ",Synthetic Cathinones ,,,,,,,
Pichicata ,Cocaine ,,,,,,,
Piedras ,Crack Cocaine ,,,,,,,
Piezas ,Heroin ,,,,,,,
Pig Killer ,PCP (Phencyclidine) ,,,,,,,
Pile ,Crack Cocaine ,,,,,,,
Pillow ,Cocaine ,,,,,,,
Pimp ,Cocaine ,,,,,,,
Pin ,Clonazepam (Klonopin®) ,,,,,,,
Pin Gon ,Opium ,,,,,,,
Pin Yen ,Opium ,,,,,,,
Piñata ,Methamphetamine ,,,,,,,
Pine ,Marijuana ,,,,,,,
Pineapple ,"Methylphenidate (Ritalin®, Concerta®, Daytrana®) ",,,,,,,
Pineapple Express ,Synthetic Cannabinoids ,,,,,,,
Pingas ,Amphetamine, Cocaine ,,,,,,
Pingaz ,Ecstasy/MDMA/Molly ,,,,,,,
Pingers ,Ecstasy/MDMA/Molly ,,,,,,,
Pingos ,Cocaine ,,,,,,,
Pingus ,Flunitrazepam (Rohypnol®) ,,,,,,,
Pink ,U-47700 ,,,,,,,
Pink Blotters ,LSD (Lysergic Acid Diethylamide) ,,,,,,,
Pink Hearts ,Amphetamine ,,,,,,,
Pink Panther   ,Marijuana ,,,,,,,
Pink Panthers ,LSD (Lysergic Acid Diethylamide) ,,,,,,,
Pink Robots ,LSD (Lysergic Acid Diethylamide) ,,,,,,,
Pink Wedges ,LSD (Lysergic Acid Diethylamide) ,,,,,,,
Pink Witches ,LSD (Lysergic Acid Diethylamide) ,,,,,,,
Pinky ,U-47700 ,,,,,,,
Pintura ,Marijuana ,,,,,,,
Pintura Blanca ,Cocaine ,,,,,,,
Pixies ,Amphetamine ,,,,,,,
Pizza ,LSD (Lysergic Acid Diethylamide) ,,,,,,,
Pizza Toppings ,Psilocybin Mushrooms ,,,,,,,
Planks ,Alprazolam (Xanax®) ,,,,,,,
Plant ,Marijuana ,,,,,,,
Plant Feeder ,Synthetic Cathinones ,,,,,,,
Plant Food ,Synthetic Cathinones ,,,,,,,
Plata ,Heroin ,,,,,,,
Platinum Cookies ,Hydroponic Marijuana ,,,,,,,
Platinum Jack ,Marijuana ,,,,,,,
Pocket Rocket ,Marijuana ,,,,,,,
Pointy Ones ,Methamphetamine ,,,,,,,
Poison ,Fentanyl and Fentanyl Derivatives, Heroin ,,,,,,
Poli ,Cocaine ,,,,,,,
Pollito ,Methamphetamine ,,,,,,,
Pollo ,Cocaine ,,,,,,,
Pollutants ,Amphetamine ,,,,,,,
Polvo ,Cocaine, Heroin ,,,,,,
Polvo de Alegria ,Heroin ,,,,,,,
Polvo de Estrellas ,Heroin ,,,,,,,
Polvo Feliz ,Heroin ,,,,,,,
Pony ,Crack Cocaine ,,,,,,,
Poor Man’s Cocaine ,"Methylphenidate (Ritalin®, Concerta®, Daytrana®) ",,,,,,,
Pop ,LSD (Lysergic Acid Diethylamide) ,,,,,,,
Popcorn ,Marijuana ,,,,,,,
Poppy ,Heroin ,,,,,,,
Popsicle ,Methamphetamine ,,,,,,,
Porro ,Marijuana ,,,,,,,
Posh ,Synthetic Cannabinoids ,,,,,,,
Pot ,Marijuana ,,,,,,,
Potato ,LSD (Lysergic Acid Diethylamide) ,,,,,,,
Potpourri ,Synthetic Cannabinoids ,,,,,,,
Pow ,Synthetic Cannabinoids ,,,,,,,
Powder ,Cocaine, Heroin ,,,,,,
Powder Diamonds ,Cocaine ,,,,,,,
Pox ,Opium ,,,,,,,
Pretendo ,Marijuana ,,,,,,,
Primo ,Crack Cocaine ,,,,,,,
Prop 215 ,Marijuana ,,,,,,,
Prostituta Negra ,Heroin ,,,,,,,
Psilly Billy ,Psilocybin Mushrooms ,,,,,,,
Puff ,Marijuana ,,,,,,,
Puffy ,PCP (Phencyclidine) ,,,,,,,
Puma ,Cocaine ,,,,,,,
Pumpers ,Steroids ,,,,,,,
Puppy ,Heroin ,,,,,,,
Pure ,Heroin ,,,,,,,
Pure Ivory ,Synthetic Cathinones ,,,,,,,
Pure Love ,LSD (Lysergic Acid Diethylamide) ,,,,,,,
Puritain ,Cocaine ,,,,,,,
Purple ,Ketamine (Ketalar®), Methamphetamine ,,,,,,
Purple   ,Promethazine ,,,,,,,
Purple Barrels ,LSD (Lysergic Acid Diethylamide) ,,,,,,,
Purple Drank ,Promethazine ,,,,,,,
Purple Haze ,LSD (Lysergic Acid Diethylamide), Marijuana   ,,,,,,
Purple Hearts ,Amphetamine, LSD (Lysergic Acid Diethylamide) ,,,,,,
Purple OG ,Marijuana ,,,,,,,
Purple Passion ,Psilocybin Mushrooms ,,,,,,,
Purple Rain ,PCP (Phencyclidine) ,,,,,,,
Purple Tickets ,LSD (Lysergic Acid Diethylamide) ,,,,,,,
Purple Wave ,Synthetic Cathinones ,,,,,,,
Quadros ,Cocaine ,,,,,,,
Quarters ,Crack Cocaine ,,,,,,,
Queen Ann’s Lace ,Marijuana ,,,,,,,
Queso Blanco ,Cocaine ,,,,,,,
R.I.P. ,Crack Cocaine ,,,,,,,
R2 ,Flunitrazepam (Rohypnol®) ,,,,,,,
Racehorse Charlie ,Cocaine ,,,,,,,
Ragweed ,Marijuana ,,,,,,,
Railroad Weed ,Marijuana ,,,,,,,
Rainy Day Woman ,Marijuana ,,,,,,,
Rambo ,Cocaine, Heroin ,,,,,,
Rapture ,Synthetic Cannabinoids ,,,,,,,
Raspado ,Methamphetamine ,,,,,,,
Rasta Weed ,Marijuana ,,,,,,,
Raw ,Crack Cocaine, Uncut Heroin ,,,,,,
R-Ball ,"Methylphenidate (Ritalin®, Concerta®, Daytrana®) ",,,,,,,
Ready Rock ,Crack Cocaine ,,,,,,,
Rechard ,Synthetic Cathinones ,,,,,,,
Red Caps ,Crack Cocaine ,,,,,,,
Red Chicken ,Heroin ,,,,,,,
Red Cross ,Marijuana ,,,,,,,
Red Devil ,PCP (Phencyclidine) ,,,,,,,
Red Dirt ,Marijuana ,,,,,,,
Red Dove ,Synthetic Cathinones ,,,,,,,
Red Eagle ,Heroin ,,,,,,,
Red Hair ,Marijuana ,,,,,,,
Red Magic ,Synthetic Cannabinoids ,,,,,,,
Reefer ,Marijuana ,,,,,,,
Refrescas ,Cocaine ,,,,,,,
Refresco ,Cocaine ,,,,,,,
Reggie ,Marijuana ,,,,,,,
Regular Kind ,Cocaine ,,,,,,,
Regular Work ,Cocaine ,,,,,,,
Reindeer Dust ,Cocaine, Heroin ,,,,,,
Repollo ,Marijuana ,,,,,,,
Rest In Peace ,Crack Cocaine ,,,,,,,
Rewind ,Synthetic Cannabinoids ,,,,,,,
Reynolds ,Flunitrazepam (Rohypnol®) ,,,,,,,
Rhythm ,Amphetamine ,,,,,,,
Richie ,Cocaine ,,,,,,,
Rids ,"Methylphenidate (Ritalin®, Concerta®, Daytrana®) ",,,,,,,
Righteous Bush ,Marijuana ,,,,,,,
Rims ,Acetaminophen and Oxycodone Combination (Percocet®), Cocaine,  ,,,,,
Rippers ,Amphetamine ,,,,,,,
Rittys ,"Methylphenidate (Ritalin®, Concerta®, Daytrana®) ",,,,,,,
Roach ,Flunitrazepam (Rohypnol®) ,,,,,,,
Road Dope ,Amphetamine ,,,,,,,
Roapies ,Flunitrazepam (Rohypnol®) ,,,,,,,
Roca ,Crack Cocaine ,,,,,,,
Rochas ,Flunitrazepam (Rohypnol®) ,,,,,,,
Rock ,Crack Cocaine ,,,,,,,
Rock Attack ,Crack Cocaine ,,,,,,,
Rocket Fuel ,Methamphetamine, PCP (Phencyclidine) ,,,,,,
Rocks of Hell ,Crack Cocaine ,,,,,,,
Rocky III ,Crack Cocaine ,,,,,,,
Rocky Mountain ,Cocaine ,,,,,,,
Roids ,Steroids ,,,,,,,
Rojo ,Promethazine ,,,,,,,
Rolex ,Cocaine ,,,,,,,
Rolex HH ,Cocaine ,,,,,,,
Rolling ,Ecstasy/MDMA/Molly ,,,,,,,
Rolls ,Ecstasy/MDMA/Molly ,,,,,,,
Roofies ,Flunitrazepam (Rohypnol®) ,,,,,,,
Roofing Tar ,Heroin ,,,,,,,
Rooster ,Cocaine, Crack Cocaine ,,,,,,
Root ,Marijuana ,,,,,,,
Rop ,Flunitrazepam (Rohypnol®) ,,,,,,,
Rope ,Marijuana ,,,,,,,
Rophie ,Flunitrazepam (Rohypnol®) ,,,,,,,
Rosa Maria ,Marijuana ,,,,,,,
Roses ,Amphetamine ,,,,,,,
Ro-Shay ,Flunitrazepam (Rohypnol®) ,,,,,,,
Rosin ,Marijuana Concentrates/Hash Oil ,,,,,,,
Rosin Tech ,Marijuana Concentrates/Hash Oil ,,,,,,,
Rox ,Crack Cocaine ,,,,,,,
Roxy ,"Oxycodone (Oxycontin®, Roxicodone®, Oxaydo®) ",,,,,,,
Roxy Shorts ,"Oxycodone (Oxycontin®, Roxicodone®, Oxaydo®) ",,,,,,,
Roxyanne ,Crack Cocaine ,,,,,,,
Roz ,Crack Cocaine ,,,,,,,
R-Pop ,"Methylphenidate (Ritalin®, Concerta®, Daytrana®) ",,,,,,,
Ruby ,Heroin ,,,,,,,
Rueda ,Amphetamine ,,,,,,,
Running ,Ecstasy/MDMA/Molly ,,,,,,,
Rupture ,PCP (Phencyclidine) ,,,,,,,
Sack ,Heroin ,,,,,,,
Salt ,Heroin, Methamphetamine ,,,,,,
Salt and Pepper ,Marijuana ,,,,,,,
Salting ,Synthetic Cathinones ,,,,,,,
Salty Water ,GHB (Gamma-Hydroxybutyric Acid) ,,,,,,,
San Pedro ,Mescaline/Peyote ,,,,,,,
Sand ,Heroin ,,,,,,,
Santa Maria ,Marijuana ,,,,,,,
SAP ,Marijuana Concentrates/Hash Oil ,,,,,,,
Sasafras ,Marijuana ,,,,,,,
Sativa ,Marijuana ,,,,,,,
Sauce ,Marijuana Concentrates/Hash Oil ,,,,,,,
Scag ,Heroin ,,,,,,,
Scale ,Cocaine ,,,,,,,
Scarface ,Synthetic Cathinones ,,,,,,,
Scat ,Heroin ,,,,,,,
Schmeck ,Cocaine, Heroin ,,,,,,
School Bus ,Alprazolam (Xanax®) ,,,,,,,
Schoolboy ,Cocaine ,,,,,,,
Schoolcraft ,Crack Cocaine ,,,,,,,
Scooby Snacks ,Ecstasy/MDMA/Molly ,,,,,,,
Scooby Snax ,Synthetic Cannabinoids ,,,,,,,
Scoop ,GHB (Gamma-Hydroxybutyric Acid) ,,,,,,,
Scorpion ,Cocaine ,,,,,,,
Scottie ,Cocaine ,,,,,,,
Scotty ,Crack Cocaine ,,,,,,,
Scramble ,Crack Cocaine, Uncut Heroin ,,,,,,
Scratch ,"Hydrocodone (Norco®, Vicodin®, Lorcet®) ",,,,,,,
Scruples ,Crack Cocaine ,,,,,,,
Scuffle ,PCP (Phencyclidine) ,,,,,,,
Seed ,Cocaine ,,,,,,,
Seni ,Mescaline/Peyote ,,,,,,,
Serpico ,Cocaine ,,,,,,,
Seven-Up ,Crack Cocaine ,,,,,,,
Sexy ,Synthetic Cannabinoids ,,,,,,,
Shabu ,Methamphetamine ,,,,,,,
Shaman ,Mescaline/Peyote ,,,,,,,
Shards ,Methamphetamine ,,,,,,,
Shatter ,Marijuana Concentrates/Hash Oil, Methamphetamine ,,,,,,
Shaved Ice ,Methamphetamine ,,,,,,,
Sheep ,Heroin ,,,,,,,
Sheets ,PCP (Phencyclidine) ,,,,,,,
Sherms ,Crack Cocaine, PCP (Phencyclidine) ,,,,,,
Shermstick ,PCP (Phencyclidine) ,,,,,,,
Shiny Girl ,Methamphetamine ,,,,,,,
Shirt ,Cocaine ,,,,,,,
Shirts ,Heroin ,,,,,,,
Shmagma ,Marijuana ,,,,,,,
Shoes ,Fentanyl and Fentanyl Derivatives, Heroin, Marijuana ,,,,,
Shora ,Marijuana ,,,,,,,
Shrimp ,Marijuana ,,,,,,,
Shwag ,Marijuana ,,,,,,,
Sierra ,Cocaine ,,,,,,,
Sight Ball ,Crack Cocaine ,,,,,,,
Silly Putty ,Psilocybin Mushrooms ,,,,,,,
Simple Simon ,Psilocybin Mushrooms ,,,,,,,
Sinsemilla ,Marijuana ,,,,,,,
Sizurup ,Promethazine ,,,,,,,
Sizzurp ,Promethazine ,,,,,,,
Skag ,Heroin ,,,,,,,
Skee ,Opium ,,,,,,,
Ski Equipment ,Cocaine ,,,,,,,
Skippy ,"Methylphenidate (Ritalin®, Concerta®, Daytrana®) ",,,,,,,
Skittle ,Ecstasy/MDMA/Molly ,,,,,,,
Skittles ,"Methylphenidate (Ritalin®, Concerta®, Daytrana®)", Promethazine ,,,,,,
Skunk ,Heroin, Marijuana ,,,,,,
Sky High ,Synthetic Cannabinoids ,,,,,,,
Skywalker ,Hydroponic Marijuana ,,,,,,,
Slab ,Crack Cocaine ,,,,,,,
Sleet ,Crack Cocaine ,,,,,,,
Sleigh Ride ,Cocaine ,,,,,,,
Slime ,Heroin ,,,,,,,
Slits ,Ecstasy/MDMA/Molly ,,,,,,,
Smack ,Heroin ,,,,,,,
Smacks ,Ecstasy/MDMA/Molly ,,,,,,,
Small Girl ,Methamphetamine ,,,,,,,
Smart Pills ,Amphetamine and Dextroamphetamine Combination (Adderall®) ,,,,,,,
Smarties ,Amphetamine and Dextroamphetamine Combination (Adderall®),  ,,,,,,
Smeck ,Heroin ,,,,,,,
Smoke ,Crack Cocaine, Marijuana ,,,,,,
Smoke Canada ,Marijuana ,,,,,,,
"Smoochy Woochy  
Poochy ",Marijuana ,,,,,,,
Snake Bite ,Synthetic Cannabinoids ,,,,,,,
Snaps ,Amphetamine ,,,,,,,
Sneeze ,Cocaine ,,,,,,,
Snickers ,Heroin ,,,,,,,
Sniff ,Cocaine ,,,,,,,
Snow ,Cocaine ,,,,,,,
Snow Bird ,Cocaine ,,,,,,,
Snow Cone ,Cocaine ,,,,,,,
Snow Leopard ,Synthetic Cathinones ,,,,,,,
Snow Pallets ,Amphetamine ,,,,,,,
Snow White ,Cocaine ,,,,,,,
Snowball ,Cocaine ,,,,,,,
Snowflake ,Cocaine, Fentanyl and Fentanyl Derivatives ,,,,,,
Soap ,GHB (Gamma-Hydroxybutyric Acid) ,,,,,,,
Soap Dope ,Methamphetamine ,,,,,,,
Sobos ,Buprenorphine and Naloxone Combination (Suboxone®) ,,,,,,,
Society High ,Cocaine ,,,,,,,
Soda ,Cocaine, Heroin ,,,,,,
Soditas ,Cocaine ,,,,,,,
Soft ,Cocaine ,,,,,,,
Soft Ones ,Methamphetamine ,,,,,,,
Solar Flare ,Synthetic Cannabinoids ,,,,,,,
Solventless ,Marijuana Concentrates/Hash Oil ,,,,,,,
Sour OG ,Marijuana ,,,,,,,
Space ,Cocaine mixed with PCP ,,,,,,,
Sparkle Plenty ,Amphetamine ,,,,,,,
Sparklers ,Amphetamine ,,,,,,,
Special  ,Cocaine ,,,,,,,
Special K ,Ketamine (Ketalar®) ,,,,,,,
Special La Coke ,Ketamine (Ketalar®) ,,,,,,,
Speed ,Amphetamine, Methamphetamine ,,,,,,
Speed Boat ,Crack Cocaine ,,,,,,,
Speed Dog ,Methamphetamine ,,,,,,,
Speed for Lovers ,Ecstasy/MDMA/Molly ,,,,,,,
Speedball ,Cocaine mixed with Heroin ,,,,,,,
Spice ,Synthetic Cannabinoids ,,,,,,,
Spicy Kind ,Methamphetamine ,,,,,,,
Spider Blue ,Heroin ,,,,,,,
Spike Diamond ,Synthetic Cannabinoids ,,,,,,,
Spin ,Methamphetamine ,,,,,,,
Spit and Die ,LSD (Lysergic Acid Diethylamide) ,,,,,,,
Splash ,Amphetamine ,,,,,,,
Spliff ,Marijuana ,,,,,,,
Spores  ,PCP (Phencyclidine) ,,,,,,,
Square Time Bomb ,Crack Cocaine ,,,,,,,
Stackers ,Steroids ,,,,,,,
"Star Spangled  
Powder ",Cocaine ,,,,,,,
Stardust ,Cocaine, PCP (Phencyclidine), Synthetic Cathinones ,,,,,
Stemmies ,Psilocybin Mushrooms ,,,,,,,
Stems ,Marijuana ,,,,,,,
Sticks ,Alprazolam (Xanax®) ,,,,,,,
Sticky ,Marijuana ,,,,,,,
Sticky Kind ,Heroin ,,,,,,,
Stink Weed ,Marijuana ,,,,,,,
Stone ,Crack Cocaine ,,,,,,,
Stop Signs ,Buprenorphine and Naloxone Combination (Suboxone®) ,,,,,,,
Stops ,Buprenorphine and Naloxone Combination (Suboxone®) ,,,,,,,
Storm ,Synthetic Cannabinoids ,,,,,,,
Stove Top ,Methamphetamine ,,,,,,,
STP ,PCP (Phencyclidine) ,,,,,,,
Studio Fuel ,Cocaine ,,,,,,,
Study Buddies ,Amphetamine and Dextroamphetamine Combination (Adderall®),  ,,,,,,
Study Skittles ,Amphetamine and Dextroamphetamine Combination (Adderall®) ,,,,,,,
Stufa ,Heroin ,,,,,,,
Stuff ,Methamphetamine ,,,,,,,
Suave ,Cocaine ,,,,,,,
Subs ,Buprenorphine and Naloxone Combination (Suboxone®) ,,,,,,,
Sugar ,Cocaine, Heroin ,,,,,,
Sugar Block ,Crack Cocaine ,,,,,,,
Sugar Cubes ,LSD (Lysergic Acid Diethylamide) ,,,,,,,
Sugar Lumps ,LSD (Lysergic Acid Diethylamide) ,,,,,,,
Sugar Weed ,Marijuana ,,,,,,,
Sunshine ,LSD (Lysergic Acid Diethylamide) ,,,,,,,
Super Acid ,Ketamine (Ketalar®) ,,,,,,,
Super C ,Ketamine (Ketalar®) ,,,,,,,
Super Grass ,PCP (Phencyclidine) ,,,,,,,
Super Ice ,Methamphetamine ,,,,,,,
Super Kools ,PCP (Phencyclidine) ,,,,,,,
Super Valium ,Clonazepam (Klonopin®) ,,,,,,,
Super Weed ,PCP (Phencyclidine) ,,,,,,,
Superman ,Cocaine, LSD (Lysergic Acid Diethylamide) ,,,,,,
Surfer ,PCP (Phencyclidine) ,,,,,,,
Sweet Jesus ,Heroin ,,,,,,,
Sweet Leaf ,Synthetic Cannabinoids ,,,,,,,
Sweet Lucy ,Marijuana ,,,,,,,
Sweet Stuff ,Cocaine ,,,,,,,
Sweeties ,Amphetamine ,,,,,,,
Sweets ,Amphetamine, Ecstasy/MDMA/Molly ,,,,,,
Synthetic Cocaine  ,PCP (Phencyclidine) ,,,,,,,
Synthetic Marijuana ,Synthetic Cannabinoids ,,,,,,,
Syrup ,Promethazine ,,,,,,,
Tabique ,Cocaine ,,,,,,,
Tablas ,Cocaine ,,,,,,,
Table ,Methamphetamine ,,,,,,,
Tabs ,"Hydrocodone (Norco®, Vicodin®, Lorcet®)", LSD (Lysergic Acid  ,,,,,,
Tacatosa ,LSD (Lysergic Acid Diethylamide) ,,,,,,,
Tacha ,Ecstasy/MDMA/Molly ,,,,,,,
Tahoe ,Hydroponic Marijuana ,,,,,,,
Tail Lights ,LSD (Lysergic Acid Diethylamide) ,,,,,,,
Takeover ,Crack Cocaine mixed with Fentanyl ,,,,,,,
Taking a Cruise ,PCP (Phencyclidine) ,,,,,,,
Talco ,Cocaine ,,,,,,,
Talquito ,Cocaine ,,,,,,,
Tamales ,Cocaine ,,,,,,,
Tan  ,Heroin ,,,,,,,
Tango and Cash ,Fentanyl and Fentanyl Derivatives ,,,,,,,
Tangy OG ,Marijuana ,,,,,,,
Tar ,Heroin ,,,,,,,
Taxi ,Cocaine ,,,,,,,
T-Buzz ,PCP (Phencyclidine) ,,,,,,,
Tecata ,Heroin ,,,,,,,
Tecate ,Cocaine ,,,,,,,
Teddy Bears ,LSD (Lysergic Acid Diethylamide) ,,,,,,,
Teenager ,Cocaine ,,,,,,,
Teeth ,Cocaine, Crack Cocaine ,,,,,,
Tens ,Amphetamine ,,,,,,,
Tension ,Crack Cocaine ,,,,,,,
Tequila ,Cocaine ,,,,,,,
Terp ,Marijuana ,,,,,,,
Terp Sauce ,Marijuana Concentrates/Hash Oil ,,,,,,,
Terpenes ,Marijuana ,,,,,,,
Terraband ,Synthetic Cannabinoids ,,,,,,,
Texas Tea ,Marijuana ,,,,,,,
Tex-Mex ,Marijuana ,,,,,,,
THCA ,Marijuana Concentrates/Hash Oil ,,,,,,,
THCA Crystal ,Marijuana Concentrates/Hash Oil ,,,,,,,
THCA Crystalline ,Marijuana Concentrates/Hash Oil ,,,,,,,
THCA Powder ,Marijuana Concentrates/Hash Oil ,,,,,,,
Thizz ,Ecstasy/MDMA/Molly ,,,,,,,
Thrusters ,Amphetamine ,,,,,,,
Thunder ,Cocaine, Heroin ,,,,,,
Tic Tac ,PCP (Phencyclidine) ,,,,,,,
Ticket ,LSD (Lysergic Acid Diethylamide) ,,,,,,,
Tigitty ,Marijuana ,,,,,,,
Tila ,Marijuana ,,,,,,,
Time Traveler ,Synthetic Cannabinoids ,,,,,,,
Tims ,Marijuana ,,,,,,,
Tina ,Methamphetamine ,,,,,,,
Tire ,Cocaine ,,,,,,,
Tires ,Acetaminophen and Oxycodone Combination (Percocet®), Heroin,  ,,,,,
Tish ,PCP (Phencyclidine) ,,,,,,,
Tissue ,Crack Cocaine ,,,,,,,
TNT ,Fentanyl and Fentanyl Derivatives ,,,,,,,
Toe Tag Dope ,Fentanyl and Fentanyl Derivatives ,,,,,,,
Tomasa ,Heroin ,,,,,,,
Tonto ,Cocaine ,,,,,,,
Toot ,Cocaine ,,,,,,,
Tootsie Roll ,Heroin ,,,,,,,
Top Gear ,Synthetic Cannabinoids ,,,,,,,
Top Gun ,Crack Cocaine ,,,,,,,
Top Shelf ,Marijuana ,,,,,,,
Topi ,Mescaline/Peyote ,,,,,,,
Tops ,Mescaline/Peyote ,,,,,,,
Tortes ,Cocaine ,,,,,,,
Tortuga ,Cocaine ,,,,,,,
Tosca ,Marijuana ,,,,,,,
Toxy ,Opium ,,,,,,,
Toyota ,Cocaine ,,,,,,,
Toys ,Opium ,,,,,,,
TR-6s ,Amphetamine ,,,,,,,
Tragic Magic ,Heroin ,,,,,,,
Train Wreck ,Marijuana, Synthetic Cannabinoids ,,,,,,
Tranks ,Clonazepam (Klonopin®), PCP (Phencyclidine) ,,,,,,
Trash ,Methamphetamine ,,,,,,,
Trees ,Heroin, Marijuana ,,,,,,
Trichrome ,Marijuana Concentrates/Hash Oil ,,,,,,,
Trinity OG ,Marijuana ,,,,,,,
Trip-and-Fall ,Flunitrazepam (Rohypnol®) ,,,,,,,
Triple V ,Vicodin® taken with Valium® and Vodka ,,,,,,,
Troop ,Crack Cocaine ,,,,,,,
Truck ,Methamphetamine ,,,,,,,
Truck Drivers ,Amphetamine, Amphetamine and Dextroamphetamine Combination  ,,,,,,
T-Shirts ,Cocaine ,,,,,,,
Tubo ,Cocaine ,,,,,,,
Tucibi ,Cocaine - Pink Variety ,,,,,,,
Tupperware ,Methamphetamine ,,,,,,,
Turkey ,Cocaine ,,,,,,,
Turn Abouts ,Amphetamine ,,,,,,,
Turtle ,Heroin ,,,,,,,
Tutti Fruitti ,Cocaine ,,,,,,,
Tweak ,Methamphetamine ,,,,,,,
Tweeds ,Marijuana ,,,,,,,
Tweezes ,Psilocybin Mushrooms ,,,,,,,
U4 ,U-47700 ,,,,,,,
Ultimate ,Crack Cocaine, Synthetic Cannabinoids ,,,,,,
Unassembled ,Powder Methamphetamine ,,,,,,,
Uncle Sid ,LSD (Lysergic Acid Diethylamide) ,,,,,,,
Unkie ,Morphine ,,,,,,,
Up ,Crack Cocaine ,,,,,,,
Upjohns ,Alprazolam (Xanax®) ,,,,,,,
Uppers ,Amphetamine, Methamphetamine ,,,,,,
Uzi ,Crack Cocaine ,,,,,,,
Valle ,Marijuana ,,,,,,,
Valley Dolls ,LSD (Lysergic Acid Diethylamide) ,,,,,,,
Vanilla Sky ,Synthetic Cathinones ,,,,,,,
Vaquita ,Cocaine ,,,,,,,
Veeks ,"Hydrocodone (Norco®, Vicodin®, Lorcet®) ",,,,,,,
Velvet ,Promethazine ,,,,,,,
Venom ,PCP (Phencyclidine) ,,,,,,,
Ventanas ,Methamphetamine ,,,,,,,
Vics ,"Hydrocodone (Norco®, Vicodin®, Lorcet®) ",,,,,,,
Vidrio ,Heroin, Methamphetamine ,,,,,,
Vikes ,"Hydrocodone (Norco®, Vicodin®, Lorcet®) ",,,,,,,
Viper ,Synthetic Cannabinoids ,,,,,,,
Vitamin E ,Ecstasy/MDMA/Molly ,,,,,,,
Vitamin K ,Ketamine (Ketalar®) ,,,,,,,
Vitamin R ,"Methylphenidate (Ritalin®, Concerta®, Daytrana®) ",,,,,,,
Vodka Acid ,LSD (Lysergic Acid Diethylamide) ,,,,,,,
Voodoo Chils ,Synthetic Cannabinoids ,,,,,,,
Vowels ,Ecstasy/MDMA/Molly ,,,,,,,
Wack ,PCP mixed with Cocaine  ,,,,,,,
Wake and Bake ,Marijuana ,,,,,,,
Wake Ups ,Amphetamine ,,,,,,,
Walking Zombie ,Methamphetamine ,,,,,,,
Wash ,Cocaine ,,,,,,,
Water ,GHB (Gamma-Hydroxybutyric Acid), Methamphetamine, PCP  ,,,,,
Watsons ,"Hydrocodone (Norco®, Vicodin®, Lorcet®) ",,,,,,,
Wave ,Crack Cocaine ,,,,,,,
Wax ,Marijuana Concentrates/Hash Oil ,,,,,,,
Wazabi ,Synthetic Cannabinoids ,,,,,,,
Wazz ,Methamphetamine ,,,,,,,
Wedding Bells ,LSD (Lysergic Acid Diethylamide) ,,,,,,,
Wedge ,LSD (Lysergic Acid Diethylamide) ,,,,,,,
Weed  ,Marijuana ,,,,,,,
Weed Tea ,Marijuana ,,,,,,,
Weight Gainers ,Steroids ,,,,,,,
Weights ,Heroin ,,,,,,,
"West Coast  
Turnarounds ",Amphetamine ,,,,,,,
Wet ,Cocaine, Marijuana dipped in PCP ,,,,,,
Whack ,Cocaine mixed with PCP ,,,,,,,
Wheat ,Marijuana ,,,,,,,
Wheels ,Acetaminophen and Oxycodone Combination (Percocet®), Amphetamine ,,,,,,
When-Shee ,Opium ,,,,,,,
Whiffle Dust ,Amphetamine ,,,,,,,
Whisky ,Heroin ,,,,,,,
White ,Cocaine, Heroin ,,,,,,
White Ball ,Crack Cocaine ,,,,,,,
White Bitch ,Cocaine ,,,,,,,
White Boy   ,Heroin ,,,,,,,
White Boys ,Alprazolam (Xanax®) ,,,,,,,
White Cross ,Cocaine ,,,,,,,
White Crosses ,Amphetamine ,,,,,,,
White Dove ,Cocaine, Synthetic Cathinones ,,,,,,
White Dust ,LSD (Lysergic Acid Diethylamide) ,,,,,,,
White Fluff ,LSD (Lysergic Acid Diethylamide) ,,,,,,,
White Ghost ,Crack Cocaine ,,,,,,,
White Girl ,Heroin, Fentanyl and Fentanyl Derivatives ,,,,,,
White Girls ,Alprazolam (Xanax®), Cocaine ,,,,,,
White Goat ,Cocaine ,,,,,,,
White Horizon ,PCP (Phencyclidine) ,,,,,,,
White Horse ,Cocaine ,,,,,,,
White Junk ,Heroin ,,,,,,,
White Knight ,Synthetic Cathinones ,,,,,,,
White Ladies ,Fentanyl and Fentanyl Derivatives ,,,,,,,
White Lady ,Cocaine, Heroin ,,,,,,
White Lightening ,LSD (Lysergic Acid Diethylamide), Synthetic Cathinones ,,,,,,
White Magic ,Synthetic Cathinones ,,,,,,,
White Mercedes   ,Ecstasy/MDMA/Molly ,,,,,,,
"White Mercedes  
Benz ",Cocaine ,,,,,,,
White Mosquito ,Cocaine ,,,,,,,
White Nurse ,Heroin ,,,,,,,
White Owsley ,LSD (Lysergic Acid Diethylamide) ,,,,,,,
White Paint ,Cocaine ,,,,,,,
White Powder ,Cocaine ,,,,,,,
White Rock ,Cocaine ,,,,,,,
White Root ,Cocaine ,,,,,,,
White Shirt ,Cocaine, Heroin ,,,,,,
White Stuff ,Heroin, Morphine ,,,,,,
White Sugar ,Crack Cocaine ,,,,,,,
White T ,Cocaine ,,,,,,,
White Tornado ,Crack Cocaine ,,,,,,,
White Wall Tires ,Cocaine ,,,,,,,
White Whizz ,Methamphetamine ,,,,,,,
White-Haired Lady ,Marijuana ,,,,,,,
Whites ,Amphetamine," Oxycodone (Oxycontin®, Roxicodone®, Oxaydo®) ",,,,,,
Whitey ,Cocaine ,,,,,,,
Whiz Bang ,Cocaine ,,,,,,,
Wicked ,Synthetic Cannabinoids ,,,,,,,
Wicked X ,Synthetic Cathinones ,,,,,,,
Window Glass ,LSD (Lysergic Acid Diethylamide) ,,,,,,,
Window Pane ,LSD (Lysergic Acid Diethylamide) ,,,,,,,
Windows ,Methamphetamine ,,,,,,,
Wings ,Cocaine, Heroin ,,,,,,
Witch ,Heroin ,,,,,,,
Witch Hazel ,Heroin ,,,,,,,
Witches Teeth ,Methamphetamine ,,,,,,,
Wizard  ,Synthetic Cannabinoids ,,,,,,,
Wobble ,Ketamine (Ketalar®) ,,,,,,,
Wobble Weed ,PCP (Phencyclidine) ,,,,,,,
Wolfies ,Flunitrazepam (Rohypnol®), PCP (Phencyclidine) ,,,,,,
Wonky ,Ketamine (Ketalar®) ,,,,,,,
Wooly ,Cocaine ,,,,,,,
Wooz ,Marijuana ,,,,,,,
Work ,Cocaine ,,,,,,,
Worm ,PCP (Phencyclidine) ,,,,,,,
Wrecking Crew ,Crack Cocaine ,,,,,,,
X ,Ecstasy/MDMA/Molly ,,,,,,,
Xanies ,Alprazolam (Xanax®) ,,,,,,,
XTC ,Ecstasy/MDMA/Molly ,,,,,,,
Xtreme ,Synthetic Cannabinoids ,,,,,,,
Yaba ,Methamphetamine ,,,,,,,
Yahoo ,Crack Cocaine ,,,,,,,
Yale ,Crack Cocaine ,,,,,,,
Yayo ,Cocaine ,,,,,,,
Yellow Barn ,Methamphetamine ,,,,,,,
Yellow Boys ,Alprazolam (Xanax®) ,,,,,,,
Yellow Cake ,Methamphetamine ,,,,,,,
Yellow Dimples ,LSD (Lysergic Acid Diethylamide) ,,,,,,,
Yellow Fever ,PCP (Phencyclidine) ,,,,,,,
Yellow Kind ,Methamphetamine ,,,,,,,
Yellow Submarine ,Marijuana ,,,,,,,
Yellow Sunshine ,LSD (Lysergic Acid Diethylamide) ,,,,,,,
Yen Pop ,Marijuana ,,,,,,,
Yerba ,Marijuana ,,,,,,,
Yesca ,Marijuana ,,,,,,,
Yeyo ,Cocaine ,,,,,,,
Yimyom ,Crack Cocaine ,,,,,,,
Yoda ,Cocaine ,,,,,,,
Yokes ,Ecstasy/MDMA/Molly ,,,,,,,
Young Girls ,Marijuana ,,,,,,,
Yucatan ,Synthetic Cannabinoids ,,,,,,,
Yucatan Fire ,Synthetic Cannabinoids ,,,,,,,
Zacate ,Marijuana ,,,,,,,
Zacatecas ,Marijuana ,,,,,,,
Zambi ,Marijuana ,,,,,,,
Zanbars ,Alprazolam (Xanax®) ,,,,,,,
Zannies ,Alprazolam (Xanax®) ,,,,,,,
Zapapote ,Heroin ,,,,,,,
Zapato ,Cocaine ,,,,,,,
Z-Bars ,Alprazolam (Xanax®) ,,,,,,,
Zen ,LSD (Lysergic Acid Diethylamide) ,,,,,,,
Zero ,Opium ,,,,,,,
Zero Gravity ,Synthetic Cannabinoids ,,,,,,,
Zing ,Amphetamine and Dextroamphetamine Combination (Adderall®) ,,,,,,,
Zip ,Cocaine, Marijuana, Methamphetamine ,,,,,
Zohai ,Synthetic Cannabinoids ,,,,,,,
Zombie ,PCP (Phencyclidine), Synthetic Cannabinoids ,,,,,,
Zoom ,Marijuana mixed with PCP, Synthetic Cathinones ,,,,,,
Zoomers ,Amphetamine ,,,,,,,
